t,I_fixed,I_smooth,slope,dx,dy
0.000000,0.038500,0.038500,0.000000,0,0
0.200000,0.038500,0.038500,0.000000,0,0
0.400000,0.038500,0.038500,0.000000,0,0
0.600000,0.038500,0.038500,0.000000,0,0
0.800000,0.038500,0.038500,0.000000,0,0
1.000000,0.038500,0.038500,0.000000,0,0
1.200000,0.038500,0.038500,0.000000,0,0
1.400000,0.038500,0.038500,0.000000,0,0
1.600000,0.038500,0.038500,0.000000,0,0
1.800000,0.038500,0.038500,0.000000,0,0
2.000000,0.038500,0.038500,0.000000,0,0
2.200000,0.038500,0.038500,0.000000,0,0
2.400000,0.038500,0.038500,0.000000,0,0
2.600000,0.038500,0.038500,0.000000,0,0
2.800000,0.038500,0.038500,0.000000,0,0
3.000000,0.038500,0.038500,0.000000,0,0
3.200000,0.038500,0.038500,0.000000,0,0
3.400000,0.038500,0.038500,0.000000,0,0
3.600000,0.038500,0.038500,0.000000,0,0
3.800000,0.038500,0.038500,0.000000,0,0
4.000000,0.038500,0.038500,0.000000,0,0
4.200000,0.038500,0.038500,0.000000,0,0
4.400000,0.038500,0.038500,0.000000,0,0
4.600000,0.038500,0.038500,0.000000,0,0
4.800000,0.038500,0.038500,0.000000,0,0
5.000000,0.038500,0.038500,0.000000,0,0
5.200000,0.038500,0.038500,0.000000,0,0
5.400000,0.038500,0.038500,0.000000,0,0
5.600000,0.038500,0.038500,0.000000,0,0
5.800000,0.038500,0.038500,0.000000,0,0
6.000000,0.038500,0.038500,0.000000,0,0
6.200000,0.038500,0.038500,0.000000,0,0
6.400000,0.038500,0.038500,0.000000,0,0
6.600000,0.038500,0.038500,0.000000,0,0
6.800000,0.038500,0.038500,0.000000,0,0
7.000000,0.038500,0.038500,0.000000,0,0
7.200000,0.038500,0.038500,0.000000,0,0
7.400000,0.038500,0.038500,0.000001,0,0
7.600000,0.038500,0.038501,0.000001,0,0
7.800000,0.038500,0.038501,0.000001,0,0
8.000000,0.038500,0.038501,0.000001,0,0
8.200000,0.038500,0.038501,0.000001,0,0
8.400000,0.038500,0.038501,0.000002,0,0
8.600000,0.038500,0.038502,0.000002,0,0
8.800000,0.038500,0.038502,0.000002,0,0
9.000000,0.038500,0.038502,0.000003,0,0
9.200000,0.038500,0.038503,0.000003,0,0
9.400000,0.038500,0.038503,0.000004,0,0
9.600000,0.038500,0.038504,0.000005,0,0
9.800000,0.038500,0.038505,0.000006,0,0
10.000000,0.038500,0.038506,0.000008,0,0
10.200000,0.038500,0.038508,0.000009,0,0
10.400000,0.038500,0.038509,0.000011,0,0
10.600000,0.038500,0.038511,0.000014,0,0
10.800000,0.038500,0.038514,0.000017,0,0
11.000000,0.038500,0.038517,0.000021,0,0
11.200000,0.038500,0.038521,0.000025,0,0
11.400000,0.038500,0.038525,0.000031,0,0
11.600000,0.038500,0.038531,0.000038,0,0
11.800000,0.038500,0.038538,0.000046,0,0
12.000000,0.038500,0.038546,0.000056,0,0
12.200000,0.038500,0.038556,0.000069,0,0
12.400000,0.038500,0.038569,0.000084,0,0
12.600000,0.038500,0.038584,0.000102,0,0
12.800000,0.038500,0.038603,0.000125,0,0
13.000000,0.038500,0.038626,0.000153,0,0
13.200000,0.038500,0.038653,0.000186,0,0
13.400000,0.038500,0.038687,0.000228,0,0
13.600000,0.038500,0.038729,0.000278,0,0
13.800000,0.038500,0.038779,0.000340,0,0
14.000000,0.038500,0.038841,0.000415,0,0
14.200000,0.038500,0.038917,0.000507,0,0
14.400000,0.038500,0.039009,0.000619,0,0
14.600000,0.038500,0.039122,0.000756,0,0
14.800000,0.038500,0.039259,0.000923,0,0
15.000000,0.038500,0.039428,0.001128,0,0
15.200000,0.038500,0.039633,0.001377,0,0
15.400000,0.038500,0.039884,0.001682,0,0
15.600000,0.038500,0.040190,0.002055,0,0
15.800000,0.038500,0.040564,0.002510,0,0
16.000000,0.038500,0.041021,0.003065,0,0
16.200001,0.038500,0.041580,0.003744,0,0
16.400000,0.038500,0.042261,0.004573,0,0
16.600000,0.038500,0.043094,0.005586,0,0
16.799999,0.038500,0.044111,0.006822,0,0
17.000000,0.038500,0.045354,0.008333,0,0
17.200001,0.038500,0.046871,0.010177,0,0
17.400000,0.038500,0.048725,0.012431,0,0
17.600000,0.038500,0.050988,0.015183,0,0
17.799999,0.038500,0.053753,0.018545,0,0
18.000000,0.038500,0.057131,0.022650,0,0
18.200001,0.038500,0.061255,0.027665,0,0
18.400000,0.038500,0.066294,0.033790,0,0
18.600000,0.038500,0.072447,0.041272,0,0
18.799999,0.038500,0.079963,0.050318,0,0
19.000000,0.038500,0.089143,0.061043,0,0
19.200001,0.038500,0.100356,0.073425,0,0
19.400000,0.038500,0.114051,0.087279,0,0
19.600000,0.038500,0.130778,0.102249,0,0
19.799999,0.038500,0.151208,0.117800,0,0
20.000000,0.038500,0.176162,0.133228,0,0
20.200001,0.108617,0.206641,0.147768,0,0
20.400000,0.173864,0.241054,0.160693,0,0
20.600000,0.235380,0.278163,0.171406,0,0
20.799999,0.293770,0.316989,0.179532,0,0
21.000000,0.349353,0.356748,0.184902,0,0
21.200001,0.402289,0.396803,0.187536,0,0
21.400000,0.452643,0.436638,0.187611,0,0
21.600000,0.500428,0.475831,0.185426,0,0
21.799999,0.545627,0.514036,0.181349,0,0
22.000000,0.588206,0.550973,0.175761,0,0
22.200001,0.628125,0.586417,0.168972,0,0
22.400000,0.665344,0.620186,0.161249,0,0
22.600000,0.699831,0.652143,0.152817,0,0
22.799999,0.731568,0.682186,0.143874,0,0
23.000000,0.760554,0.710248,0.134596,0,0
23.200001,0.786812,0.736290,0.125138,0,0
23.400000,0.810389,0.760305,0.115640,0,0
23.600000,0.831363,0.782309,0.106225,0,0
23.799999,0.849839,0.802345,0.097003,0,0
24.000000,0.865952,0.820475,0.088069,0,0
24.200001,0.879861,0.836780,0.079503,0,0
24.400000,0.891745,0.851355,0.071370,0,0
24.600000,0.901799,0.864310,0.063722,0,0
24.799999,0.910223,0.875760,0.056594,0,0
25.000000,0.917221,0.885827,0.050009,0,0
25.200001,0.922988,0.894634,0.043975,0,0
25.400000,0.927708,0.902303,0.038490,0,0
25.600000,0.931550,0.908953,0.033541,0,0
25.799999,0.934665,0.914696,0.029107,0,0
26.000000,0.937181,0.919637,0.025159,0,0
26.200001,0.939210,0.923874,0.021665,0,0
26.400000,0.940844,0.927496,0.018589,0,0
26.600000,0.942159,0.930582,0.015893,0,0
26.799999,0.943216,0.933203,0.013541,0,0
27.000000,0.944063,0.935422,0.011495,0,0
27.200001,0.944740,0.937295,0.009722,0,0
27.400000,0.945277,0.938869,0.008187,0,0
27.600000,0.945697,0.940186,0.006862,0,0
27.799999,0.946021,0.941281,0.005719,0,0
28.000000,0.946264,0.942186,0.004735,0,0
28.200001,0.946437,0.942928,0.003886,0,0
28.400000,0.946551,0.943529,0.003155,0,0
28.600000,0.946614,0.944008,0.002526,0,0
28.799999,0.946632,0.944383,0.001983,0,0
29.000000,0.946611,0.944668,0.001514,0,0
29.200001,0.946556,0.944875,0.001110,0,0
29.400000,0.946472,0.945014,0.000760,0,0
29.600000,0.946360,0.945094,0.000457,0,0
29.799999,0.946225,0.945124,0.000194,0,0
30.000000,0.946068,0.945110,-0.000034,0,0
30.200001,0.945893,0.945057,-0.000233,0,0
30.400000,0.945701,0.944971,-0.000406,0,0
30.600000,0.945495,0.944856,-0.000556,0,0
30.799999,0.945274,0.944714,-0.000688,0,0
31.000000,0.945042,0.944551,-0.000803,0,0
31.200001,0.944799,0.944367,-0.000904,0,0
31.400000,0.944547,0.944167,-0.000993,0,0
31.600000,0.944286,0.943951,-0.001071,0,0
31.799999,0.944017,0.943721,-0.001140,0,0
32.000000,0.943741,0.943480,-0.001200,0,0
32.200001,0.943459,0.943228,-0.001253,0,0
32.400002,0.943171,0.942967,-0.001301,0,0
32.599998,0.942878,0.942698,-0.001342,0,0
32.799999,0.942581,0.942422,-0.001379,0,0
33.000000,0.942280,0.942139,-0.001411,0,0
33.200001,0.941975,0.941850,-0.001440,0,0
33.400002,0.941667,0.941557,-0.001465,0,0
33.599998,0.941356,0.941259,-0.001487,0,0
33.799999,0.941043,0.940957,-0.001507,0,0
34.000000,0.940727,0.940652,-0.001525,0,0
34.200001,0.940410,0.940343,-0.001540,0,0
34.400002,0.940090,0.940032,-0.001553,0,0
34.599998,0.939770,0.939719,-0.001565,0,0
34.799999,0.939448,0.939403,-0.001575,0,0
35.000000,0.939125,0.939086,-0.001584,0,0
35.200001,0.938801,0.938767,-0.001592,0,0
35.400002,0.938476,0.938447,-0.001599,0,0
35.599998,0.938150,0.938126,-0.001605,0,0
35.799999,0.937824,0.937804,-0.001609,0,0
36.000000,0.937498,0.937481,-0.001614,0,0
36.200001,0.937171,0.937157,-0.001617,0,0
36.400002,0.936844,0.936833,-0.001620,0,0
36.599998,0.936517,0.936508,-0.001622,0,0
36.799999,0.936189,0.936183,-0.001624,0,0
37.000000,0.935862,0.935858,-0.001625,0,0
37.200001,0.935535,0.935532,-0.001626,0,0
37.400002,0.935208,0.935207,-0.001626,0,0
37.599998,0.934881,0.934881,-0.001627,0,0
37.799999,0.934554,0.934556,-0.001626,0,0
38.000000,0.934227,0.934230,-0.001626,0,0
38.200001,0.933901,0.933905,-0.001626,0,0
38.400002,0.933575,0.933580,-0.001625,0,0
38.599998,0.933249,0.933255,-0.001624,0,0
38.799999,0.932923,0.932930,-0.001623,0,0
39.000000,0.932598,0.932605,-0.001621,0,0
39.200001,0.932274,0.932281,-0.001620,0,0
39.400002,0.931949,0.931957,-0.001619,0,0
39.599998,0.931625,0.931634,-0.001617,0,0
39.799999,0.931302,0.931310,-0.001615,0,0
40.000000,0.930979,0.930987,-0.001614,0,0
40.200001,0.930656,0.930665,-0.001612,0,0
40.400002,0.930333,0.930343,-0.001610,0,0
40.599998,0.930011,0.930021,-0.001608,0,0
40.799999,0.929690,0.929699,-0.001606,0,0
41.000000,0.929369,0.929378,-0.001605,0,0
41.200001,0.929048,0.929057,-0.001603,0,0
41.400002,0.928728,0.928737,-0.001601,0,0
41.599998,0.928408,0.928417,-0.001599,0,0
41.799999,0.928088,0.928097,-0.001597,0,0
42.000000,0.927769,0.927778,-0.001596,0,0
42.200001,0.927450,0.927459,-0.001594,0,0
42.400002,0.927132,0.927141,-0.001592,0,0
42.599998,0.926814,0.926822,-0.001590,0,0
42.799999,0.926496,0.926504,-0.001589,0,0
43.000000,0.926179,0.926187,-0.001587,0,0
43.200001,0.925862,0.925870,-0.001586,0,0
43.400002,0.925545,0.925553,-0.001584,0,0
43.599998,0.925229,0.925236,-0.001583,0,0
43.799999,0.924913,0.924920,-0.001581,0,0
44.000000,0.924597,0.924604,-0.001580,0,0
44.200001,0.924282,0.924288,-0.001578,0,0
44.400002,0.923966,0.923973,-0.001577,0,0
44.599998,0.923651,0.923657,-0.001576,0,0
44.799999,0.923337,0.923342,-0.001575,0,0
45.000000,0.923022,0.923028,-0.001574,0,0
45.200001,0.922708,0.922713,-0.001573,0,0
45.400002,0.922394,0.922399,-0.001572,0,0
45.599998,0.922080,0.922084,-0.001571,0,0
45.799999,0.921766,0.921770,-0.001570,0,0
46.000000,0.921453,0.921457,-0.001569,0,0
46.200001,0.921139,0.921143,-0.001568,0,0
46.400002,0.920826,0.920829,-0.001568,0,0
46.599998,0.920513,0.920516,-0.001567,0,0
46.799999,0.920200,0.920203,-0.001566,0,0
47.000000,0.919887,0.919890,-0.001566,0,0
47.200001,0.919574,0.919577,-0.001565,0,0
47.400002,0.919262,0.919264,-0.001565,0,0
47.599998,0.918949,0.918951,-0.001564,0,0
47.799999,0.918637,0.918638,-0.001564,0,0
48.000000,0.918324,0.918325,-0.001564,0,0
48.200001,0.918012,0.918013,-0.001564,0,0
48.400002,0.917699,0.917700,-0.001564,0,0
48.599998,0.917387,0.917387,-0.001563,0,0
48.799999,0.917075,0.917075,-0.001563,0,0
49.000000,0.916762,0.916762,-0.001563,0,0
49.200001,0.916450,0.916449,-0.001564,0,0
49.400002,0.916137,0.916137,-0.001564,0,0
49.599998,0.915825,0.915824,-0.001564,0,0
49.799999,0.915512,0.915511,-0.001564,0,0
50.000000,0.915200,0.915198,-0.001564,0,0
50.200001,0.914887,0.914886,-0.001565,0,0
50.400002,0.914574,0.914573,-0.001565,0,0
50.599998,0.914262,0.914260,-0.001565,0,0
50.799999,0.913949,0.913947,-0.001566,0,0
51.000000,0.913636,0.913633,-0.001566,0,0
51.200001,0.913323,0.913320,-0.001567,0,0
51.400002,0.913010,0.913007,-0.001567,0,0
51.599998,0.912696,0.912693,-0.001568,0,0
51.799999,0.912383,0.912380,-0.001569,0,0
52.000000,0.912069,0.912066,-0.001569,0,0
52.200001,0.911756,0.911752,-0.001570,0,0
52.400002,0.911442,0.911438,-0.001571,0,0
52.599998,0.911128,0.911124,-0.001572,0,0
52.799999,0.910814,0.910809,-0.001572,0,0
53.000000,0.910499,0.910495,-0.001573,0,0
53.200001,0.910185,0.910180,-0.001574,0,0
53.400002,0.909870,0.909865,-0.001575,0,0
53.599998,0.909555,0.909550,-0.001576,0,0
53.799999,0.909240,0.909235,-0.001577,0,0
54.000000,0.908925,0.908920,-0.001578,0,0
54.200001,0.908609,0.908604,-0.001579,0,0
54.400002,0.908293,0.908288,-0.001580,0,0
54.599998,0.907977,0.907972,-0.001581,0,0
54.799999,0.907661,0.907656,-0.001582,0,0
55.000000,0.907345,0.907339,-0.001583,0,0
55.200001,0.907028,0.907022,-0.001584,0,0
55.400002,0.906711,0.906705,-0.001586,0,0
55.599998,0.906394,0.906388,-0.001587,0,0
55.799999,0.906077,0.906071,-0.001588,0,0
56.000000,0.905759,0.905753,-0.001589,0,0
56.200001,0.905441,0.905435,-0.001590,0,0
56.400002,0.905123,0.905117,-0.001592,0,0
56.599998,0.904805,0.904798,-0.001593,0,0
56.799999,0.904486,0.904480,-0.001594,0,0
57.000000,0.904167,0.904161,-0.001596,0,0
57.200001,0.903848,0.903841,-0.001597,0,0
57.400002,0.903529,0.903522,-0.001598,0,0
57.599998,0.903209,0.903202,-0.001600,0,0
57.799999,0.902889,0.902882,-0.001601,0,0
58.000000,0.902569,0.902562,-0.001602,0,0
58.200001,0.902248,0.902241,-0.001604,0,0
58.400002,0.901927,0.901920,-0.001605,0,0
58.599998,0.901606,0.901599,-0.001607,0,0
58.799999,0.901285,0.901278,-0.001608,0,0
59.000000,0.900963,0.900956,-0.001609,0,0
59.200001,0.900641,0.900634,-0.001611,0,0
59.400002,0.900319,0.900312,-0.001612,0,0
59.599998,0.899996,0.899989,-0.001614,0,0
59.799999,0.899673,0.899666,-0.001615,0,0
60.000000,0.899350,0.899343,-0.001616,0,0
60.200001,0.899027,0.899020,-0.001618,0,0
60.400002,0.898703,0.898696,-0.001619,0,0
60.599998,0.898379,0.898372,-0.001621,0,0
60.799999,0.898055,0.898048,-0.001622,0,0
61.000000,0.897730,0.897723,-0.001624,0,0
61.200001,0.897405,0.897398,-0.001625,0,0
61.400002,0.897080,0.897073,-0.001626,0,0
61.599998,0.896755,0.896748,-0.001628,0,0
61.799999,0.896429,0.896422,-0.001629,0,0
62.000000,0.896103,0.896096,-0.001631,0,0
62.200001,0.895777,0.895770,-0.001632,0,0
62.400002,0.895450,0.895443,-0.001633,0,0
62.599998,0.895123,0.895116,-0.001635,0,0
62.799999,0.894796,0.894789,-0.001636,0,0
63.000000,0.894469,0.894462,-0.001637,0,0
63.200001,0.894141,0.894134,-0.001639,0,0
63.400002,0.893813,0.893806,-0.001640,0,0
63.599998,0.893485,0.893478,-0.001641,0,0
63.799999,0.893157,0.893150,-0.001643,0,0
64.000000,0.892828,0.892821,-0.001644,0,0
64.199997,0.892499,0.892492,-0.001645,0,0
64.400002,0.892169,0.892163,-0.001647,0,0
64.599998,0.891840,0.891834,-0.001648,0,0
64.800003,0.891510,0.891504,-0.001649,0,0
65.000000,0.891180,0.891174,-0.001651,0,0
65.199997,0.890850,0.890844,-0.001652,0,0
65.400002,0.890519,0.890513,-0.001653,0,0
65.599998,0.890188,0.890182,-0.001654,0,0
65.800003,0.889857,0.889851,-0.001655,0,0
66.000000,0.889526,0.889520,-0.001656,0,0
66.199997,0.889194,0.889189,-0.001658,0,0
66.400002,0.888863,0.888857,-0.001659,0,0
66.599998,0.888531,0.888525,-0.001660,0,0
66.800003,0.888199,0.888193,-0.001661,0,0
67.000000,0.887866,0.887861,-0.001662,0,0
67.199997,0.887533,0.887528,-0.001663,0,0
67.400002,0.887201,0.887195,-0.001664,0,0
67.599998,0.886868,0.886862,-0.001665,0,0
67.800003,0.886534,0.886529,-0.001666,0,0
68.000000,0.886201,0.886196,-0.001667,0,0
68.199997,0.885867,0.885862,-0.001668,0,0
68.400002,0.885533,0.885529,-0.001669,0,0
68.599998,0.885199,0.885195,-0.001670,0,0
68.800003,0.884865,0.884860,-0.001671,0,0
69.000000,0.884530,0.884526,-0.001672,0,0
69.199997,0.884196,0.884192,-0.001673,0,0
69.400002,0.883861,0.883857,-0.001673,0,0
69.599998,0.883526,0.883522,-0.001674,0,0
69.800003,0.883191,0.883187,-0.001675,0,0
70.000000,0.882856,0.882852,-0.001676,0,0
70.199997,0.882520,0.882517,-0.001676,0,0
70.400002,0.882185,0.882182,-0.001677,0,0
70.599998,0.881849,0.881846,-0.001678,0,0
70.800003,0.881513,0.881510,-0.001678,0,0
71.000000,0.881178,0.881175,-0.001679,0,0
71.199997,0.880841,0.880839,-0.001679,0,0
71.400002,0.880505,0.880503,-0.001680,0,0
71.599998,0.880169,0.880167,-0.001680,0,0
71.800003,0.879833,0.879831,-0.001680,0,0
72.000000,0.879496,0.879495,-0.001681,0,0
72.199997,0.879160,0.879159,-0.001681,0,0
72.400002,0.878823,0.878822,-0.001681,0,0
72.599998,0.878486,0.878486,-0.001681,0,0
72.800003,0.878149,0.878150,-0.001681,0,0
73.000000,0.877812,0.877813,-0.001681,0,0
73.199997,0.877475,0.877477,-0.001680,0,0
73.400002,0.877138,0.877141,-0.001680,0,0
73.599998,0.876801,0.876805,-0.001679,0,0
73.800003,0.876464,0.876469,-0.001678,0,0
74.000000,0.876127,0.876133,-0.001676,0,0
74.199997,0.875790,0.875798,-0.001674,0,0
74.400002,0.875452,0.875463,-0.001672,0,0
74.599998,0.875115,0.875128,-0.001669,0,0
74.800003,0.874778,0.874794,-0.001666,0,0
75.000000,0.874441,0.874461,-0.001661,0,0
75.199997,0.874103,0.874128,-0.001656,0,0
75.400002,0.873766,0.873796,-0.001649,0,0
75.599998,0.873429,0.873466,-0.001641,0,0
75.800003,0.873091,0.873137,-0.001631,0,0
76.000000,0.872754,0.872809,-0.001619,0,0
76.199997,0.872417,0.872484,-0.001604,0,0
76.400002,0.872079,0.872162,-0.001586,0,0
76.599998,0.871742,0.871843,-0.001564,0,0
76.800003,0.871405,0.871528,-0.001537,0,0
77.000000,0.871068,0.871218,-0.001504,0,0
77.199997,0.870731,0.870914,-0.001463,0,0
77.400002,0.870394,0.870618,-0.001414,0,0
77.599998,0.870057,0.870330,-0.001354,0,0
77.800003,0.869720,0.870053,-0.001280,0,0
78.000000,0.869384,0.869790,-0.001191,0,0
78.199997,0.869047,0.869543,-0.001082,0,0
78.400002,0.868710,0.869316,-0.000948,0,0
78.599998,0.868374,0.869113,-0.000785,0,0
78.800003,0.868038,0.868940,-0.000588,0,0
79.000000,0.867701,0.868804,-0.000352,0,0
79.199997,0.867365,0.868711,-0.000077,0,0
79.400002,0.867029,0.868672,0.000236,0,0
79.599998,0.866694,0.868700,0.000582,0,0
79.800003,0.866358,0.868808,0.000952,0,0
80.000000,0.866022,0.869014,0.001336,0,0
80.199997,0.866825,0.869340,0.001719,0,0
80.400002,0.867730,0.869767,0.002088,0,0
80.599998,0.868635,0.870276,0.002431,0,0
80.800003,0.869535,0.870851,0.002738,0,0
81.000000,0.870428,0.871479,0.003005,0,0
81.199997,0.871315,0.872149,0.003230,0,0
81.400002,0.872196,0.872852,0.003415,0,0
81.599998,0.873071,0.873581,0.003562,0,0
81.800003,0.873940,0.874332,0.003678,0,0
82.000000,0.874803,0.875097,0.003767,0,0
82.199997,0.875659,0.875875,0.003835,0,0
82.400002,0.876510,0.876661,0.003886,0,0
82.599998,0.877356,0.877454,0.003922,0,0
82.800003,0.878195,0.878250,0.003946,0,0
83.000000,0.879028,0.879049,0.003962,0,0
83.199997,0.879856,0.879848,0.003969,0,0
83.400002,0.880678,0.880647,0.003970,0,0
83.599998,0.881495,0.881445,0.003966,0,0
83.800003,0.882306,0.882240,0.003958,0,0
84.000000,0.883111,0.883033,0.003946,0,0
84.199997,0.883911,0.883823,0.003932,0,0
84.400002,0.884706,0.884610,0.003915,0,0
84.599998,0.885495,0.885393,0.003897,0,0
84.800003,0.886278,0.886171,0.003877,0,0
85.000000,0.887056,0.886945,0.003856,0,0
85.199997,0.887829,0.887715,0.003835,0,0
85.400002,0.888597,0.888480,0.003812,0,0
85.599998,0.889359,0.889241,0.003789,0,0
85.800003,0.890116,0.889997,0.003766,0,0
86.000000,0.890868,0.890748,0.003742,0,0
86.199997,0.891615,0.891494,0.003718,0,0
86.400002,0.892357,0.892235,0.003694,0,0
86.599998,0.893093,0.892971,0.003669,0,0
86.800003,0.893825,0.893703,0.003645,0,0
87.000000,0.894552,0.894429,0.003621,0,0
87.199997,0.895273,0.895151,0.003596,0,0
87.400002,0.895990,0.895868,0.003572,0,0
87.599998,0.896701,0.896580,0.003548,0,0
87.800003,0.897408,0.897287,0.003523,0,0
88.000000,0.898110,0.897989,0.003499,0,0
88.199997,0.898807,0.898686,0.003475,0,0
88.400002,0.899499,0.899379,0.003451,0,0
88.599998,0.900186,0.900066,0.003427,0,0
88.800003,0.900868,0.900749,0.003403,0,0
89.000000,0.901546,0.901427,0.003379,0,0
89.199997,0.902219,0.902100,0.003355,0,0
89.400002,0.902887,0.902769,0.003331,0,0
89.599998,0.903550,0.903433,0.003308,0,0
89.800003,0.904209,0.904092,0.003284,0,0
90.000000,0.904863,0.904746,0.003261,0,0
90.199997,0.905512,0.905396,0.003237,0,0
90.400002,0.906157,0.906041,0.003214,0,0
90.599998,0.906797,0.906682,0.003191,0,0
90.800003,0.907433,0.907317,0.003168,0,0
91.000000,0.908063,0.907948,0.003144,0,0
91.199997,0.908690,0.908575,0.003121,0,0
91.400002,0.909311,0.909197,0.003098,0,0
91.599998,0.909928,0.909814,0.003076,0,0
91.800003,0.910541,0.910427,0.003053,0,0
92.000000,0.911149,0.911035,0.003030,0,0
92.199997,0.911752,0.911639,0.003007,0,0
92.400002,0.912351,0.912238,0.002984,0,0
92.599998,0.912946,0.912832,0.002961,0,0
92.800003,0.913536,0.913423,0.002939,0,0
93.000000,0.914121,0.914008,0.002916,0,0
93.199997,0.914702,0.914589,0.002893,0,0
93.400002,0.915278,0.915165,0.002871,0,0
93.599998,0.915850,0.915737,0.002848,0,0
93.800003,0.916417,0.916304,0.002825,0,0
94.000000,0.916980,0.916867,0.002803,0,0
94.199997,0.917538,0.917425,0.002780,0,0
94.400002,0.918092,0.917979,0.002757,0,0
94.599998,0.918641,0.918528,0.002735,0,0
94.800003,0.919186,0.919073,0.002712,0,0
95.000000,0.919726,0.919613,0.002689,0,0
95.199997,0.920262,0.920149,0.002667,0,0
95.400002,0.920794,0.920680,0.002644,0,0
95.599998,0.921320,0.921206,0.002621,0,0
95.800003,0.921842,0.921728,0.002598,0,0
96.000000,0.922360,0.922246,0.002575,0,0
96.199997,0.922873,0.922759,0.002552,0,0
96.400002,0.923382,0.923267,0.002529,0,0
96.599998,0.923886,0.923770,0.002506,0,0
96.800003,0.924385,0.924269,0.002483,0,0
97.000000,0.924880,0.924764,0.002459,0,0
97.199997,0.925370,0.925253,0.002436,0,0
97.400002,0.925855,0.925738,0.002413,0,0
97.599998,0.926336,0.926219,0.002389,0,0
97.800003,0.926812,0.926694,0.002365,0,0
98.000000,0.927284,0.927165,0.002342,0,0
98.199997,0.927750,0.927631,0.002318,0,0
98.400002,0.928212,0.928092,0.002294,0,0
98.599998,0.928669,0.928549,0.002269,0,0
98.800003,0.929122,0.929000,0.002245,0,0
99.000000,0.929569,0.929447,0.002221,0,0
99.199997,0.930012,0.929889,0.002196,0,0
99.400002,0.930450,0.930326,0.002171,0,0
99.599998,0.930883,0.930758,0.002146,0,0
99.800003,0.931310,0.931185,0.002121,0,0
100.000000,0.931733,0.931606,0.002096,0,0
100.199997,0.932151,0.932023,0.002070,0,0
100.400002,0.932564,0.932435,0.002044,0,0
100.599998,0.932971,0.932841,0.002018,0,0
100.800003,0.933374,0.933243,0.001992,0,0
101.000000,0.933771,0.933638,0.001965,0,0
101.199997,0.934163,0.934029,0.001938,0,0
101.400002,0.934550,0.934414,0.001911,0,0
101.599998,0.934931,0.934794,0.001884,0,0
101.800003,0.935307,0.935169,0.001856,0,0
102.000000,0.935677,0.935537,0.001828,0,0
102.199997,0.936042,0.935901,0.001800,0,0
102.400002,0.936401,0.936258,0.001771,0,0
102.599998,0.936755,0.936610,0.001742,0,0
102.800003,0.937103,0.936956,0.001713,0,0
103.000000,0.937445,0.937296,0.001683,0,0
103.199997,0.937781,0.937630,0.001653,0,0
103.400002,0.938111,0.937958,0.001623,0,0
103.599998,0.938435,0.938280,0.001592,0,0
103.800003,0.938753,0.938595,0.001560,0,0
104.000000,0.939065,0.938905,0.001528,0,0
104.199997,0.939370,0.939208,0.001496,0,0
104.400002,0.939669,0.939504,0.001463,0,0
104.599998,0.939961,0.939794,0.001429,0,0
104.800003,0.940247,0.940077,0.001395,0,0
105.000000,0.940526,0.940353,0.001361,0,0
105.199997,0.940799,0.940622,0.001325,0,0
105.400002,0.941064,0.940884,0.001289,0,0
105.599998,0.941322,0.941139,0.001253,0,0
105.800003,0.941573,0.941387,0.001216,0,0
106.000000,0.941817,0.941627,0.001178,0,0
106.199997,0.942053,0.941859,0.001139,0,0
106.400002,0.942282,0.942084,0.001100,0,0
106.599998,0.942502,0.942301,0.001059,0,0
106.800003,0.942715,0.942509,0.001018,0,0
107.000000,0.942920,0.942709,0.000976,0,0
107.199997,0.943116,0.942901,0.000933,0,0
107.400002,0.943305,0.943085,0.000890,0,0
107.599998,0.943484,0.943259,0.000845,0,0
107.800003,0.943655,0.943425,0.000799,0,0
108.000000,0.943816,0.943581,0.000752,0,0
108.199997,0.943969,0.943728,0.000704,0,0
108.400002,0.944112,0.943865,0.000655,0,0
108.599998,0.944245,0.943992,0.000604,0,0
108.800003,0.944369,0.944109,0.000552,0,0
109.000000,0.944482,0.944215,0.000499,0,0
109.199997,0.944585,0.944311,0.000445,0,0
109.400002,0.944677,0.944396,0.000389,0,0
109.599998,0.944758,0.944469,0.000331,0,0
109.800003,0.944828,0.944531,0.000272,0,0
110.000000,0.944887,0.944581,0.000211,0,0
110.199997,0.944933,0.944619,0.000148,0,0
110.400002,0.944968,0.944644,0.000084,0,0
110.599998,0.944990,0.944656,0.000018,0,0
110.800003,0.944998,0.944655,-0.000051,0,0
111.000000,0.944994,0.944640,-0.000121,0,0
111.199997,0.944976,0.944611,-0.000194,0,0
111.400002,0.944944,0.944567,-0.000269,0,0
111.599998,0.944897,0.944508,-0.000346,0,0
111.800003,0.944835,0.944433,-0.000426,0,0
112.000000,0.944758,0.944343,-0.000509,0,0
112.199997,0.944664,0.944235,-0.000594,0,0
112.400002,0.944555,0.944111,-0.000682,0,0
112.599998,0.944428,0.943968,-0.000774,0,0
112.800003,0.944283,0.943807,-0.000868,0,0
113.000000,0.944120,0.943627,-0.000966,0,0
113.199997,0.943938,0.943428,-0.001068,0,0
113.400002,0.943737,0.943208,-0.001173,0,0
113.599998,0.943515,0.942966,-0.001282,0,0
113.800003,0.943273,0.942703,-0.001395,0,0
114.000000,0.943008,0.942416,-0.001513,0,0
114.199997,0.942721,0.942106,-0.001635,0,0
114.400002,0.942410,0.941771,-0.001762,0,0
114.599998,0.942075,0.941411,-0.001894,0,0
114.800003,0.941715,0.941024,-0.002032,0,0
115.000000,0.941328,0.940609,-0.002174,0,0
115.199997,0.940914,0.940165,-0.002323,0,0
115.400002,0.940472,0.939691,-0.002478,0,0
115.599998,0.939999,0.939186,-0.002640,0,0
115.800003,0.939496,0.938648,-0.002808,0,0
116.000000,0.938961,0.938077,-0.002984,0,0
116.199997,0.938392,0.937469,-0.003167,0,0
116.400002,0.937788,0.936825,-0.003358,0,0
116.599998,0.937148,0.936142,-0.003558,0,0
116.800003,0.936470,0.935419,-0.003766,0,0
117.000000,0.935751,0.934654,-0.003984,0,0
117.199997,0.934992,0.933844,-0.004212,0,0
117.400002,0.934188,0.932989,-0.004450,0,0
117.599998,0.933340,0.932085,-0.004699,0,0
117.800003,0.932444,0.931131,-0.004960,0,0
118.000000,0.931498,0.930124,-0.005232,0,0
118.199997,0.930500,0.929062,-0.005517,0,0
118.400002,0.929448,0.927943,-0.005816,0,0
118.599998,0.928339,0.926763,-0.006128,0,0
118.800003,0.927170,0.925519,-0.006456,0,0
119.000000,0.925939,0.924210,-0.006798,0,0
119.199997,0.924642,0.922831,-0.007157,0,0
119.400002,0.923276,0.921379,-0.007533,0,0
119.599998,0.921838,0.919852,-0.007926,0,0
119.800003,0.920324,0.918244,-0.008338,0,0
120.000000,0.918731,0.916553,-0.008770,0,0
120.199997,0.917055,0.914775,-0.009221,0,0
120.400002,0.915292,0.912905,-0.009693,0,0
120.599998,0.913436,0.910939,-0.010187,0,0
120.800003,0.911485,0.908874,-0.010703,0,0
121.000000,0.909433,0.906703,-0.011243,0,0
121.199997,0.907276,0.904423,-0.011807,0,0
121.400002,0.905008,0.902028,-0.012395,0,0
121.599998,0.902623,0.899514,-0.013010,0,0
121.800003,0.900117,0.896875,-0.013650,0,0
122.000000,0.897484,0.894105,-0.014316,0,0
122.199997,0.894717,0.891201,-0.015010,0,0
122.400002,0.891811,0.888155,-0.015731,0,0
122.599998,0.888760,0.884962,-0.016479,0,0
122.800003,0.885556,0.881617,-0.017255,0,0
123.000000,0.882194,0.878114,-0.018059,0,0
123.199997,0.878667,0.874447,-0.018890,0,0
123.400002,0.874968,0.870610,-0.019747,0,0
123.599998,0.871090,0.866599,-0.020631,0,0
123.800003,0.867027,0.862407,-0.021539,0,0
124.000000,0.862772,0.858031,-0.022471,0,0
124.199997,0.858320,0.853464,-0.023426,0,0
124.400002,0.853662,0.848701,-0.024401,0,0
124.599998,0.848795,0.843740,-0.025394,0,0
124.800003,0.843712,0.838576,-0.026403,0,0
125.000000,0.838408,0.833206,-0.027426,0,0
125.199997,0.832879,0.827627,-0.028458,0,0
125.400002,0.827121,0.821837,-0.029497,0,0
125.599998,0.821132,0.815836,-0.030539,0,0
125.800003,0.814909,0.809621,-0.031581,0,0
126.000000,0.808451,0.803195,-0.032616,0,0
126.199997,0.801758,0.796557,-0.033642,0,0
126.400002,0.794831,0.789711,-0.034654,0,0
126.599998,0.787673,0.782659,-0.035647,0,0
126.800003,0.780288,0.775406,-0.036615,0,0
127.000000,0.772681,0.767957,-0.037555,0,0
127.199997,0.764859,0.760319,-0.038460,0,0
127.400002,0.756829,0.752498,-0.039327,0,0
127.599998,0.748601,0.744504,-0.040151,0,0
127.800003,0.740187,0.736345,-0.040927,0,0
128.000000,0.731597,0.728031,-0.041652,0,0
128.199997,0.722845,0.719575,-0.042322,0,0
128.399994,0.713946,0.710988,-0.042933,0,0
128.600006,0.704915,0.702281,-0.043482,0,0
128.800003,0.695767,0.693470,-0.043969,0,0
129.000000,0.686520,0.684566,-0.044390,0,0
129.199997,0.677191,0.675583,-0.044745,0,0
129.399994,0.667796,0.666536,-0.045033,0,0
129.600006,0.658352,0.657438,-0.045254,0,0
129.800003,0.648877,0.648304,-0.045409,0,0
130.000000,0.639387,0.639147,-0.045499,0,0
130.199997,0.629898,0.629980,-0.045526,0,0
130.399994,0.620425,0.620817,-0.045491,0,0
130.600006,0.610982,0.611668,-0.045398,0,0
130.800003,0.601584,0.602548,-0.045248,0,0
131.000000,0.592242,0.593466,-0.045045,0,0
131.199997,0.582968,0.584434,-0.044793,0,0
131.399994,0.573772,0.575460,-0.044495,0,0
131.600006,0.564663,0.566554,-0.044155,0,0
131.800003,0.555651,0.557724,-0.043775,0,0
132.000000,0.546740,0.548977,-0.043361,0,0
132.199997,0.537939,0.540320,-0.042915,0,0
132.399994,0.529251,0.531758,-0.042442,0,0
132.600006,0.520681,0.523297,-0.041944,0,0
132.800003,0.512233,0.514941,-0.041425,0,0
133.000000,0.503909,0.506694,-0.040888,0,0
133.199997,0.495711,0.498558,-0.040336,0,0
133.399994,0.487641,0.490537,-0.039772,0,0
133.600006,0.479698,0.482632,-0.039198,0,0
133.800003,0.471885,0.474844,-0.038617,0,0
134.000000,0.464200,0.467176,-0.038031,0,0
134.199997,0.456643,0.459627,-0.037441,0,0
134.399994,0.449214,0.452198,-0.036849,0,0
134.600006,0.441911,0.444888,-0.036258,0,0
134.800003,0.434734,0.437698,-0.035667,0,0
135.000000,0.427681,0.430626,-0.035079,0,0
135.199997,0.420751,0.423674,-0.034494,0,0
135.399994,0.413942,0.416838,-0.033914,0,0
135.600006,0.407252,0.410118,-0.033339,0,0
135.800003,0.400680,0.403514,-0.032769,0,0
136.000000,0.394223,0.397023,-0.032206,0,0
136.199997,0.387881,0.390645,-0.031650,0,0
136.399994,0.381652,0.384377,-0.031100,0,0
136.600006,0.375532,0.378219,-0.030558,0,0
136.800003,0.369522,0.372169,-0.030024,0,0
137.000000,0.363618,0.366225,-0.029497,0,0
137.199997,0.357819,0.360386,-0.028978,0,0
137.399994,0.352124,0.354649,-0.028468,0,0
137.600006,0.346530,0.349014,-0.027965,0,0
137.800003,0.341035,0.343479,-0.027471,0,0
138.000000,0.335639,0.338041,-0.026984,0,0
138.199997,0.330338,0.332701,-0.026506,0,0
138.399994,0.325132,0.327455,-0.026036,0,0
138.600006,0.320019,0.322301,-0.025573,0,0
138.800003,0.314997,0.317240,-0.025119,0,0
139.000000,0.310065,0.312269,-0.024672,0,0
139.199997,0.305221,0.307387,-0.024233,0,0
139.399994,0.300463,0.302591,-0.023802,0,0
139.600006,0.295790,0.297880,-0.023378,0,0
139.800003,0.291200,0.293254,-0.022962,0,0
140.000000,0.286692,0.288710,-0.022553,0,0
140.199997,0.282264,0.284247,-0.022151,0,0
140.399994,0.277916,0.279863,-0.021756,0,0
140.600006,0.273645,0.275557,-0.021368,0,0
140.800003,0.269450,0.271329,-0.020987,0,0
141.000000,0.265330,0.267176,-0.020613,0,0
141.199997,0.261284,0.263097,-0.020245,0,0
141.399994,0.257310,0.259090,-0.019884,0,0
141.600006,0.253406,0.255155,-0.019530,0,0
141.800003,0.249573,0.251290,-0.019181,0,0
142.000000,0.245807,0.247494,-0.018839,0,0
142.199997,0.242109,0.243766,-0.018503,0,0
142.399994,0.238477,0.240105,-0.018173,0,0
142.600006,0.234910,0.236508,-0.017849,0,0
142.800003,0.231406,0.232976,-0.017531,0,0
143.000000,0.227965,0.229507,-0.017218,0,0
143.199997,0.224585,0.226099,-0.016911,0,0
143.399994,0.221265,0.222753,-0.016609,0,0
143.600006,0.218005,0.219466,-0.016313,0,0
143.800003,0.214803,0.216238,-0.016022,0,0
144.000000,0.211658,0.213067,-0.015736,0,0
144.199997,0.208569,0.209953,-0.015456,0,0
144.399994,0.205535,0.206894,-0.015180,0,0
144.600006,0.202555,0.203890,-0.014909,0,0
144.800003,0.199629,0.200940,-0.014643,0,0
145.000000,0.196754,0.198042,-0.014382,0,0
145.199997,0.193931,0.195196,-0.014125,0,0
145.399994,0.191158,0.192401,-0.013873,0,0
145.600006,0.188435,0.189655,-0.013626,0,0
145.800003,0.185760,0.186959,-0.013383,0,0
146.000000,0.183133,0.184310,-0.013144,0,0
146.199997,0.180553,0.181709,-0.012910,0,0
146.399994,0.178019,0.179155,-0.012679,0,0
146.600006,0.175530,0.176645,-0.012453,0,0
146.800003,0.173086,0.174181,-0.012231,0,0
147.000000,0.170685,0.171761,-0.012013,0,0
147.199997,0.168327,0.169384,-0.011798,0,0
147.399994,0.166011,0.167049,-0.011588,0,0
147.600006,0.163736,0.164755,-0.011381,0,0
147.800003,0.161502,0.162503,-0.011178,0,0
148.000000,0.159308,0.160291,-0.010979,0,0
148.199997,0.157153,0.158119,-0.010783,0,0
148.399994,0.155036,0.155985,-0.010591,0,0
148.600006,0.152957,0.153889,-0.010402,0,0
148.800003,0.150916,0.151830,-0.010216,0,0
149.000000,0.148910,0.149809,-0.010034,0,0
149.199997,0.146941,0.147823,-0.009855,0,0
149.399994,0.145006,0.145873,-0.009679,0,0
149.600006,0.143106,0.143957,-0.009506,0,0
149.800003,0.141240,0.142076,-0.009337,0,0
150.000000,0.139407,0.140228,-0.009170,0,0
150.199997,0.137607,0.138414,-0.009007,0,0
150.399994,0.135839,0.136631,-0.008846,0,0
150.600006,0.134103,0.134881,-0.008688,0,0
150.800003,0.132397,0.133161,-0.008533,0,0
151.000000,0.130722,0.131473,-0.008381,0,0
151.199997,0.129077,0.129814,-0.008231,0,0
151.399994,0.127461,0.128185,-0.008085,0,0
151.600006,0.125874,0.126585,-0.007940,0,0
151.800003,0.124316,0.125014,-0.007799,0,0
152.000000,0.122785,0.123471,-0.007660,0,0
152.199997,0.121281,0.121955,-0.007523,0,0
152.399994,0.119805,0.120466,-0.007389,0,0
152.600006,0.118354,0.119004,-0.007257,0,0
152.800003,0.116930,0.117568,-0.007128,0,0
153.000000,0.115531,0.116158,-0.007000,0,0
153.199997,0.114156,0.114772,-0.006876,0,0
153.399994,0.112807,0.113412,-0.006753,0,0
153.600006,0.111481,0.112075,-0.006632,0,0
153.800003,0.110179,0.110763,-0.006514,0,0
154.000000,0.108901,0.109474,-0.006398,0,0
154.199997,0.107645,0.108208,-0.006284,0,0
154.399994,0.106411,0.106964,-0.006172,0,0
154.600006,0.105200,0.105743,-0.006062,0,0
154.800003,0.104010,0.104543,-0.005953,0,0
155.000000,0.102841,0.103365,-0.005847,0,0
155.199997,0.101694,0.102208,-0.005743,0,0
155.399994,0.100566,0.101071,-0.005640,0,0
155.600006,0.099459,0.099955,-0.005540,0,0
155.800003,0.098372,0.098859,-0.005441,0,0
156.000000,0.097304,0.097782,-0.005344,0,0
156.199997,0.096255,0.096725,-0.005249,0,0
156.399994,0.095224,0.095686,-0.005155,0,0
156.600006,0.094212,0.094666,-0.005063,0,0
156.800003,0.093219,0.093664,-0.004973,0,0
157.000000,0.092242,0.092680,-0.004884,0,0
157.199997,0.091284,0.091713,-0.004797,0,0
157.399994,0.090342,0.090764,-0.004711,0,0
157.600006,0.089417,0.089832,-0.004627,0,0
157.800003,0.088509,0.088916,-0.004545,0,0
158.000000,0.087617,0.088017,-0.004464,0,0
158.199997,0.086741,0.087133,-0.004384,0,0
158.399994,0.085880,0.086266,-0.004306,0,0
158.600006,0.085035,0.085414,-0.004229,0,0
158.800003,0.084205,0.084577,-0.004154,0,0
159.000000,0.083389,0.083755,-0.004079,0,0
159.199997,0.082589,0.082948,-0.004007,0,0
159.399994,0.081802,0.082155,-0.003935,0,0
159.600006,0.081030,0.081376,-0.003865,0,0
159.800003,0.080271,0.080611,-0.003796,0,0
160.000000,0.079526,0.079860,-0.003728,0,0
160.199997,0.078794,0.079122,-0.003662,0,0
160.399994,0.078075,0.078397,-0.003597,0,0
160.600006,0.077369,0.077686,-0.003532,0,0
160.800003,0.076676,0.076987,-0.003469,0,0
161.000000,0.075995,0.076300,-0.003407,0,0
161.199997,0.075326,0.075626,-0.003347,0,0
161.399994,0.074669,0.074963,-0.003287,0,0
161.600006,0.074024,0.074313,-0.003228,0,0
161.800003,0.073390,0.073674,-0.003171,0,0
162.000000,0.072768,0.073047,-0.003114,0,0
162.199997,0.072156,0.072430,-0.003059,0,0
162.399994,0.071556,0.071825,-0.003004,0,0
162.600006,0.070966,0.071231,-0.002950,0,0
162.800003,0.070387,0.070647,-0.002898,0,0
163.000000,0.069818,0.070073,-0.002846,0,0
163.199997,0.069260,0.069510,-0.002795,0,0
163.399994,0.068711,0.068957,-0.002746,0,0
163.600006,0.068172,0.068413,-0.002697,0,0
163.800003,0.067643,0.067880,-0.002648,0,0
164.000000,0.067123,0.067356,-0.002601,0,0
164.199997,0.066612,0.066841,-0.002555,0,0
164.399994,0.066111,0.066335,-0.002509,0,0
164.600006,0.065618,0.065839,-0.002465,0,0
164.800003,0.065134,0.065351,-0.002421,0,0
165.000000,0.064659,0.064872,-0.002377,0,0
165.199997,0.064193,0.064402,-0.002335,0,0
165.399994,0.063734,0.063940,-0.002293,0,0
165.600006,0.063284,0.063486,-0.002252,0,0
165.800003,0.062842,0.063040,-0.002212,0,0
166.000000,0.062408,0.062602,-0.002173,0,0
166.199997,0.061981,0.062172,-0.002134,0,0
166.399994,0.061562,0.061750,-0.002096,0,0
166.600006,0.061151,0.061335,-0.002059,0,0
166.800003,0.060747,0.060928,-0.002022,0,0
167.000000,0.060350,0.060528,-0.001986,0,0
167.199997,0.059960,0.060135,-0.001950,0,0
167.399994,0.059577,0.059749,-0.001916,0,0
167.600006,0.059201,0.059370,-0.001881,0,0
167.800003,0.058832,0.058997,-0.001848,0,0
168.000000,0.058469,0.058632,-0.001815,0,0
168.199997,0.058113,0.058273,-0.001782,0,0
168.399994,0.057763,0.057920,-0.001751,0,0
168.600006,0.057420,0.057574,-0.001719,0,0
168.800003,0.057082,0.057233,-0.001689,0,0
169.000000,0.056751,0.056899,-0.001659,0,0
169.199997,0.056425,0.056571,-0.001629,0,0
169.399994,0.056105,0.056249,-0.001600,0,0
169.600006,0.055791,0.055932,-0.001571,0,0
169.800003,0.055483,0.055621,-0.001543,0,0
170.000000,0.055180,0.055316,-0.001516,0,0
170.199997,0.054882,0.055016,-0.001489,0,0
170.399994,0.054590,0.054721,-0.001462,0,0
170.600006,0.054303,0.054432,-0.001436,0,0
170.800003,0.054021,0.054147,-0.001411,0,0
171.000000,0.053744,0.053868,-0.001385,0,0
171.199997,0.053472,0.053594,-0.001361,0,0
171.399994,0.053205,0.053325,-0.001336,0,0
171.600006,0.052943,0.053060,-0.001312,0,0
171.800003,0.052685,0.052801,-0.001289,0,0
172.000000,0.052432,0.052546,-0.001266,0,0
172.199997,0.052184,0.052295,-0.001244,0,0
172.399994,0.051940,0.052049,-0.001221,0,0
172.600006,0.051700,0.051807,-0.001200,0,0
172.800003,0.051464,0.051570,-0.001178,0,0
173.000000,0.051233,0.051337,-0.001157,0,0
173.199997,0.051006,0.051108,-0.001137,0,0
173.399994,0.050783,0.050883,-0.001116,0,0
173.600006,0.050564,0.050662,-0.001096,0,0
173.800003,0.050348,0.050445,-0.001077,0,0
174.000000,0.050137,0.050232,-0.001058,0,0
174.199997,0.049930,0.050023,-0.001039,0,0
174.399994,0.049726,0.049817,-0.001020,0,0
174.600006,0.049525,0.049615,-0.001002,0,0
174.800003,0.049329,0.049417,-0.000984,0,0
175.000000,0.049136,0.049222,-0.000967,0,0
175.199997,0.048946,0.049031,-0.000949,0,0
175.399994,0.048759,0.048843,-0.000932,0,0
175.600006,0.048576,0.048658,-0.000916,0,0
175.800003,0.048397,0.048477,-0.000899,0,0
176.000000,0.048220,0.048299,-0.000883,0,0
176.199997,0.048047,0.048124,-0.000868,0,0
176.399994,0.047876,0.047953,-0.000852,0,0
176.600006,0.047709,0.047784,-0.000837,0,0
176.800003,0.047545,0.047619,-0.000822,0,0
177.000000,0.047384,0.047456,-0.000807,0,0
177.199997,0.047225,0.047296,-0.000793,0,0
177.399994,0.047069,0.047139,-0.000779,0,0
177.600006,0.046917,0.046985,-0.000765,0,0
177.800003,0.046766,0.046834,-0.000751,0,0
178.000000,0.046619,0.046685,-0.000738,0,0
178.199997,0.046474,0.046539,-0.000725,0,0
178.399994,0.046332,0.046396,-0.000712,0,0
178.600006,0.046192,0.046255,-0.000699,0,0
178.800003,0.046055,0.046116,-0.000687,0,0
179.000000,0.045920,0.045981,-0.000674,0,0
179.199997,0.045788,0.045847,-0.000662,0,0
179.399994,0.045658,0.045716,-0.000650,0,0
179.600006,0.045530,0.045587,-0.000639,0,0
179.800003,0.045405,0.045461,-0.000627,0,0
180.000000,0.045282,0.045337,-0.000616,0,0
180.199997,0.045161,0.045215,-0.000605,0,0
180.399994,0.045042,0.045095,-0.000595,0,0
180.600006,0.044925,0.044977,-0.000584,0,0
180.800003,0.044810,0.044862,-0.000574,0,0
181.000000,0.044698,0.044748,-0.000563,0,0
181.199997,0.044587,0.044637,-0.000553,0,0
181.399994,0.044479,0.044527,-0.000543,0,0
181.600006,0.044372,0.044420,-0.000534,0,0
181.800003,0.044267,0.044314,-0.000524,0,0
182.000000,0.044164,0.044210,-0.000515,0,0
182.199997,0.044063,0.044109,-0.000506,0,0
182.399994,0.043964,0.044009,-0.000497,0,0
182.600006,0.043867,0.043910,-0.000488,0,0
182.800003,0.043771,0.043814,-0.000479,0,0
183.000000,0.043677,0.043719,-0.000470,0,0
183.199997,0.043585,0.043626,-0.000462,0,0
183.399994,0.043494,0.043535,-0.000454,0,0
183.600006,0.043405,0.043445,-0.000446,0,0
183.800003,0.043317,0.043356,-0.000438,0,0
184.000000,0.043231,0.043270,-0.000430,0,0
184.199997,0.043147,0.043185,-0.000422,0,0
184.399994,0.043064,0.043101,-0.000415,0,0
184.600006,0.042983,0.043019,-0.000407,0,0
184.800003,0.042903,0.042939,-0.000400,0,0
185.000000,0.042824,0.042859,-0.000393,0,0
185.199997,0.042747,0.042782,-0.000386,0,0
185.399994,0.042671,0.042705,-0.000379,0,0
185.600006,0.042597,0.042630,-0.000372,0,0
185.800003,0.042524,0.042556,-0.000366,0,0
186.000000,0.042452,0.042484,-0.000359,0,0
186.199997,0.042381,0.042413,-0.000353,0,0
186.399994,0.042312,0.042343,-0.000346,0,0
186.600006,0.042244,0.042275,-0.000340,0,0
186.800003,0.042177,0.042207,-0.000334,0,0
187.000000,0.042112,0.042141,-0.000328,0,0
187.199997,0.042047,0.042076,-0.000322,0,0
187.399994,0.041984,0.042012,-0.000317,0,0
187.600006,0.041922,0.041950,-0.000311,0,0
187.800003,0.041861,0.041888,-0.000305,0,0
188.000000,0.041801,0.041828,-0.000300,0,0
188.199997,0.041742,0.041768,-0.000295,0,0
188.399994,0.041684,0.041710,-0.000289,0,0
188.600006,0.041627,0.041653,-0.000284,0,0
188.800003,0.041572,0.041597,-0.000279,0,0
189.000000,0.041517,0.041541,-0.000274,0,0
189.199997,0.041463,0.041487,-0.000269,0,0
189.399994,0.041410,0.041434,-0.000264,0,0
189.600006,0.041358,0.041381,-0.000260,0,0
189.800003,0.041307,0.041330,-0.000255,0,0
190.000000,0.041257,0.041280,-0.000251,0,0
190.199997,0.041208,0.041230,-0.000246,0,0
190.399994,0.041160,0.041181,-0.000242,0,0
190.600006,0.041112,0.041134,-0.000237,0,0
190.800003,0.041066,0.041087,-0.000233,0,0
191.000000,0.041020,0.041040,-0.000229,0,0
191.199997,0.040975,0.040995,-0.000225,0,0
191.399994,0.040931,0.040951,-0.000221,0,0
191.600006,0.040887,0.040907,-0.000217,0,0
191.800003,0.040845,0.040864,-0.000213,0,0
192.000000,0.040803,0.040822,-0.000209,0,0
192.199997,0.040762,0.040780,-0.000206,0,0
192.399994,0.040722,0.040740,-0.000202,0,0
192.600006,0.040682,0.040700,-0.000198,0,0
192.800003,0.040643,0.040660,-0.000195,0,0
193.000000,0.040605,0.040622,-0.000191,0,0
193.199997,0.040567,0.040584,-0.000188,0,0
193.399994,0.040530,0.040547,-0.000185,0,0
193.600006,0.040494,0.040510,-0.000181,0,0
193.800003,0.040459,0.040475,-0.000178,0,0
194.000000,0.040424,0.040439,-0.000175,0,0
194.199997,0.040389,0.040405,-0.000172,0,0
194.399994,0.040356,0.040371,-0.000169,0,0
194.600006,0.040322,0.040337,-0.000166,0,0
194.800003,0.040290,0.040305,-0.000163,0,0
195.000000,0.040258,0.040272,-0.000160,0,0
195.199997,0.040227,0.040241,-0.000157,0,0
195.399994,0.040196,0.040210,-0.000154,0,0
195.600006,0.040166,0.040179,-0.000151,0,0
195.800003,0.040136,0.040149,-0.000149,0,0
196.000000,0.040107,0.040120,-0.000146,0,0
196.199997,0.040078,0.040091,-0.000143,0,0
196.399994,0.040050,0.040063,-0.000141,0,0
196.600006,0.040022,0.040035,-0.000138,0,0
196.800003,0.039995,0.040007,-0.000136,0,0
197.000000,0.039968,0.039980,-0.000133,0,0
197.199997,0.039942,0.039954,-0.000131,0,0
197.399994,0.039917,0.039928,-0.000129,0,0
197.600006,0.039891,0.039903,-0.000126,0,0
197.800003,0.039866,0.039878,-0.000124,0,0
198.000000,0.039842,0.039853,-0.000122,0,0
198.199997,0.039818,0.039829,-0.000120,0,0
198.399994,0.039795,0.039805,-0.000118,0,0
198.600006,0.039772,0.039782,-0.000116,0,0
198.800003,0.039749,0.039759,-0.000113,0,0
199.000000,0.039727,0.039737,-0.000111,0,0
199.199997,0.039705,0.039715,-0.000110,0,0
199.399994,0.039683,0.039693,-0.000108,0,0
199.600006,0.039662,0.039672,-0.000106,0,0
199.800003,0.039641,0.039651,-0.000104,0,0
200.000000,0.039621,0.039630,-0.000102,0,0
200.199997,0.039601,0.039610,-0.000100,0,0
200.399994,0.039581,0.039590,-0.000098,0,0
200.600006,0.039562,0.039571,-0.000097,0,0
200.800003,0.039543,0.039552,-0.000095,0,0
201.000000,0.039525,0.039533,-0.000093,0,0
201.199997,0.039506,0.039514,-0.000091,0,0
201.399994,0.039488,0.039496,-0.000090,0,0
201.600006,0.039471,0.039478,-0.000088,0,0
201.800003,0.039453,0.039461,-0.000087,0,0
202.000000,0.039436,0.039444,-0.000085,0,0
202.199997,0.039420,0.039427,-0.000084,0,0
202.399994,0.039403,0.039410,-0.000082,0,0
202.600006,0.039387,0.039394,-0.000081,0,0
202.800003,0.039371,0.039378,-0.000079,0,0
203.000000,0.039356,0.039363,-0.000078,0,0
203.199997,0.039340,0.039347,-0.000076,0,0
203.399994,0.039325,0.039332,-0.000075,0,0
203.600006,0.039311,0.039317,-0.000074,0,0
203.800003,0.039296,0.039303,-0.000072,0,0
204.000000,0.039282,0.039288,-0.000071,0,0
204.199997,0.039268,0.039274,-0.000070,0,0
204.399994,0.039254,0.039261,-0.000068,0,0
204.600006,0.039241,0.039247,-0.000067,0,0
204.800003,0.039228,0.039234,-0.000066,0,0
205.000000,0.039215,0.039221,-0.000065,0,0
205.199997,0.039202,0.039208,-0.000064,0,0
205.399994,0.039190,0.039195,-0.000063,0,0
205.600006,0.039177,0.039183,-0.000062,0,0
205.800003,0.039165,0.039171,-0.000060,0,0
206.000000,0.039153,0.039159,-0.000059,0,0
206.199997,0.039142,0.039147,-0.000058,0,0
206.399994,0.039130,0.039135,-0.000057,0,0
206.600006,0.039119,0.039124,-0.000056,0,0
206.800003,0.039108,0.039113,-0.000055,0,0
207.000000,0.039097,0.039102,-0.000054,0,0
207.199997,0.039086,0.039091,-0.000053,0,0
207.399994,0.039076,0.039081,-0.000052,0,0
207.600006,0.039066,0.039070,-0.000051,0,0
207.800003,0.039056,0.039060,-0.000050,0,0
208.000000,0.039046,0.039050,-0.000050,0,0
208.199997,0.039036,0.039040,-0.000049,0,0
208.399994,0.039026,0.039031,-0.000048,0,0
208.600006,0.039017,0.039021,-0.000047,0,0
208.800003,0.039008,0.039012,-0.000046,0,0
209.000000,0.038999,0.039003,-0.000045,0,0
209.199997,0.038990,0.038994,-0.000044,0,0
209.399994,0.038981,0.038985,-0.000044,0,0
209.600006,0.038972,0.038976,-0.000043,0,0
209.800003,0.038964,0.038968,-0.000042,0,0
210.000000,0.038956,0.038960,-0.000041,0,0
210.199997,0.038948,0.038951,-0.000041,0,0
210.399994,0.038940,0.038943,-0.000040,0,0
210.600006,0.038932,0.038935,-0.000039,0,0
210.800003,0.038924,0.038928,-0.000039,0,0
211.000000,0.038917,0.038920,-0.000038,0,0
211.199997,0.038909,0.038913,-0.000037,0,0
211.399994,0.038902,0.038905,-0.000037,0,0
211.600006,0.038895,0.038898,-0.000036,0,0
211.800003,0.038888,0.038891,-0.000035,0,0
212.000000,0.038881,0.038884,-0.000035,0,0
212.199997,0.038874,0.038877,-0.000034,0,0
212.399994,0.038867,0.038870,-0.000033,0,0
212.600006,0.038861,0.038864,-0.000033,0,0
212.800003,0.038854,0.038857,-0.000032,0,0
213.000000,0.038848,0.038851,-0.000032,0,0
213.199997,0.038842,0.038845,-0.000031,0,0
213.399994,0.038836,0.038838,-0.000031,0,0
213.600006,0.038830,0.038832,-0.000030,0,0
213.800003,0.038824,0.038826,-0.000029,0,0
214.000000,0.038818,0.038821,-0.000029,0,0
214.199997,0.038812,0.038815,-0.000028,0,0
214.399994,0.038807,0.038809,-0.000028,0,0
214.600006,0.038801,0.038804,-0.000027,0,0
214.800003,0.038796,0.038798,-0.000027,0,0
215.000000,0.038791,0.038793,-0.000026,0,0
215.199997,0.038785,0.038788,-0.000026,0,0
215.399994,0.038780,0.038783,-0.000026,0,0
215.600006,0.038775,0.038778,-0.000025,0,0
215.800003,0.038770,0.038773,-0.000025,0,0
216.000000,0.038766,0.038768,-0.000024,0,0
216.199997,0.038761,0.038763,-0.000024,0,0
216.399994,0.038756,0.038758,-0.000023,0,0
216.600006,0.038752,0.038754,-0.000023,0,0
216.800003,0.038747,0.038749,-0.000022,0,0
217.000000,0.038743,0.038745,-0.000022,0,0
217.199997,0.038738,0.038740,-0.000022,0,0
217.399994,0.038734,0.038736,-0.000021,0,0
217.600006,0.038730,0.038732,-0.000021,0,0
217.800003,0.038726,0.038728,-0.000021,0,0
218.000000,0.038722,0.038724,-0.000020,0,0
218.199997,0.038718,0.038720,-0.000020,0,0
218.399994,0.038714,0.038716,-0.000019,0,0
218.600006,0.038710,0.038712,-0.000019,0,0
218.800003,0.038706,0.038708,-0.000019,0,0
219.000000,0.038703,0.038704,-0.000018,0,0
219.199997,0.038699,0.038701,-0.000018,0,0
219.399994,0.038696,0.038697,-0.000018,0,0
219.600006,0.038692,0.038694,-0.000017,0,0
219.800003,0.038689,0.038690,-0.000017,0,0
220.000000,0.038685,0.038687,-0.000017,0,0
220.199997,0.038682,0.038683,-0.000017,0,0
220.399994,0.038679,0.038680,-0.000016,0,0
220.600006,0.038676,0.038677,-0.000016,0,0
220.800003,0.038672,0.038674,-0.000016,0,0
221.000000,0.038669,0.038671,-0.000015,0,0
221.199997,0.038666,0.038668,-0.000015,0,0
221.399994,0.038663,0.038665,-0.000015,0,0
221.600006,0.038660,0.038662,-0.000015,0,0
221.800003,0.038658,0.038659,-0.000014,0,0
222.000000,0.038655,0.038656,-0.000014,0,0
222.199997,0.038652,0.038653,-0.000014,0,0
222.399994,0.038649,0.038650,-0.000014,0,0
222.600006,0.038647,0.038648,-0.000013,0,0
222.800003,0.038644,0.038645,-0.000013,0,0
223.000000,0.038641,0.038643,-0.000013,0,0
223.199997,0.038639,0.038640,-0.000013,0,0
223.399994,0.038636,0.038637,-0.000012,0,0
223.600006,0.038634,0.038635,-0.000012,0,0
223.800003,0.038632,0.038633,-0.000012,0,0
224.000000,0.038629,0.038630,-0.000012,0,0
224.199997,0.038627,0.038628,-0.000012,0,0
224.399994,0.038625,0.038626,-0.000011,0,0
224.600006,0.038622,0.038623,-0.000011,0,0
224.800003,0.038620,0.038621,-0.000011,0,0
225.000000,0.038618,0.038619,-0.000011,0,0
225.199997,0.038616,0.038617,-0.000011,0,0
225.399994,0.038614,0.038615,-0.000010,0,0
225.600006,0.038612,0.038613,-0.000010,0,0
225.800003,0.038610,0.038611,-0.000010,0,0
226.000000,0.038608,0.038609,-0.000010,0,0
226.199997,0.038606,0.038607,-0.000010,0,0
226.399994,0.038604,0.038605,-0.000009,0,0
226.600006,0.038602,0.038603,-0.000009,0,0
226.800003,0.038600,0.038601,-0.000009,0,0
227.000000,0.038599,0.038599,-0.000009,0,0
227.199997,0.038597,0.038598,-0.000009,0,0
227.399994,0.038595,0.038596,-0.000009,0,0
227.600006,0.038594,0.038594,-0.000008,0,0
227.800003,0.038592,0.038593,-0.000008,0,0
228.000000,0.038590,0.038591,-0.000008,0,0
228.199997,0.038589,0.038589,-0.000008,0,0
228.399994,0.038587,0.038588,-0.000008,0,0
228.600006,0.038585,0.038586,-0.000008,0,0
228.800003,0.038584,0.038585,-0.000008,0,0
229.000000,0.038582,0.038583,-0.000007,0,0
229.199997,0.038581,0.038582,-0.000007,0,0
229.399994,0.038580,0.038580,-0.000007,0,0
229.600006,0.038578,0.038579,-0.000007,0,0
229.800003,0.038577,0.038577,-0.000007,0,0
230.000000,0.038575,0.038576,-0.000007,0,0
230.199997,0.038574,0.038575,-0.000007,0,0
230.399994,0.038573,0.038573,-0.000007,0,0
230.600006,0.038571,0.038572,-0.000006,0,0
230.800003,0.038570,0.038571,-0.000006,0,0
231.000000,0.038569,0.038569,-0.000006,0,0
231.199997,0.038568,0.038568,-0.000006,0,0
231.399994,0.038566,0.038567,-0.000006,0,0
231.600006,0.038565,0.038566,-0.000006,0,0
231.800003,0.038564,0.038565,-0.000006,0,0
232.000000,0.038563,0.038564,-0.000006,0,0
232.199997,0.038562,0.038562,-0.000006,0,0
232.399994,0.038561,0.038561,-0.000005,0,0
232.600006,0.038560,0.038560,-0.000005,0,0
232.800003,0.038559,0.038559,-0.000005,0,0
233.000000,0.038558,0.038558,-0.000005,0,0
233.199997,0.038557,0.038557,-0.000005,0,0
233.399994,0.038555,0.038556,-0.000005,0,0
233.600006,0.038555,0.038555,-0.000005,0,0
233.800003,0.038554,0.038554,-0.000005,0,0
234.000000,0.038553,0.038553,-0.000005,0,0
234.199997,0.038552,0.038552,-0.000005,0,0
234.399994,0.038551,0.038551,-0.000005,0,0
234.600006,0.038550,0.038550,-0.000005,0,0
234.800003,0.038549,0.038549,-0.000005,0,0
235.000000,0.038548,0.038549,-0.000004,0,0
235.199997,0.038547,0.038548,-0.000004,0,0
235.399994,0.038546,0.038547,-0.000004,0,0
235.600006,0.038546,0.038546,-0.000004,0,0
235.800003,0.038545,0.038545,-0.000004,0,0
236.000000,0.038544,0.038544,-0.000004,0,0
236.199997,0.038543,0.038544,-0.000004,0,0
236.399994,0.038542,0.038543,-0.000004,0,0
236.600006,0.038542,0.038542,-0.000004,0,0
236.800003,0.038541,0.038541,-0.000004,0,0
237.000000,0.038540,0.038540,-0.000004,0,0
237.199997,0.038539,0.038540,-0.000004,0,0
237.399994,0.038539,0.038539,-0.000004,0,0
237.600006,0.038538,0.038538,-0.000003,0,0
237.800003,0.038537,0.038538,-0.000003,0,0
238.000000,0.038537,0.038537,-0.000003,0,0
238.199997,0.038536,0.038536,-0.000003,0,0
238.399994,0.038535,0.038536,-0.000003,0,0
238.600006,0.038535,0.038535,-0.000003,0,0
238.800003,0.038534,0.038534,-0.000003,0,0
239.000000,0.038534,0.038534,-0.000003,0,0
239.199997,0.038533,0.038533,-0.000003,0,0
239.399994,0.038532,0.038533,-0.000003,0,0
239.600006,0.038532,0.038532,-0.000003,0,0
239.800003,0.038531,0.038532,-0.000003,0,0
240.000000,0.038531,0.038531,-0.000003,0,0
240.199997,0.038530,0.038530,-0.000003,0,0
240.399994,0.038530,0.038530,-0.000003,0,0
240.600006,0.038529,0.038529,-0.000003,0,0
240.800003,0.038529,0.038529,-0.000003,0,0
241.000000,0.038528,0.038528,-0.000003,0,0
241.199997,0.038528,0.038528,-0.000003,0,0
241.399994,0.038527,0.038527,-0.000002,0,0
241.600006,0.038527,0.038527,-0.000002,0,0
241.800003,0.038526,0.038526,-0.000002,0,0
242.000000,0.038526,0.038526,-0.000002,0,0
242.199997,0.038525,0.038525,-0.000002,0,0
242.399994,0.038525,0.038525,-0.000002,0,0
242.600006,0.038524,0.038525,-0.000002,0,0
242.800003,0.038524,0.038524,-0.000002,0,0
243.000000,0.038523,0.038524,-0.000002,0,0
243.199997,0.038523,0.038523,-0.000002,0,0
243.399994,0.038523,0.038523,-0.000002,0,0
243.600006,0.038522,0.038522,-0.000002,0,0
243.800003,0.038522,0.038522,-0.000002,0,0
244.000000,0.038521,0.038522,-0.000002,0,0
244.199997,0.038521,0.038521,-0.000002,0,0
244.399994,0.038521,0.038521,-0.000002,0,0
244.600006,0.038520,0.038520,-0.000002,0,0
244.800003,0.038520,0.038520,-0.000002,0,0
245.000000,0.038520,0.038520,-0.000002,0,0
245.199997,0.038519,0.038519,-0.000002,0,0
245.399994,0.038519,0.038519,-0.000002,0,0
245.600006,0.038519,0.038519,-0.000002,0,0
245.800003,0.038518,0.038518,-0.000002,0,0
246.000000,0.038518,0.038518,-0.000002,0,0
246.199997,0.038518,0.038518,-0.000002,0,0
246.399994,0.038517,0.038517,-0.000002,0,0
246.600006,0.038517,0.038517,-0.000002,0,0
246.800003,0.038517,0.038517,-0.000002,0,0
247.000000,0.038516,0.038516,-0.000002,0,0
247.199997,0.038516,0.038516,-0.000002,0,0
247.399994,0.038516,0.038516,-0.000001,0,0
247.600006,0.038515,0.038516,-0.000001,0,0
247.800003,0.038515,0.038515,-0.000001,0,0
248.000000,0.038515,0.038515,-0.000001,0,0
248.199997,0.038515,0.038515,-0.000001,0,0
248.399994,0.038514,0.038514,-0.000001,0,0
248.600006,0.038514,0.038514,-0.000001,0,0
248.800003,0.038514,0.038514,-0.000001,0,0
249.000000,0.038514,0.038514,-0.000001,0,0
249.199997,0.038513,0.038513,-0.000001,0,0
249.399994,0.038513,0.038513,-0.000001,0,0
249.600006,0.038513,0.038513,-0.000001,0,0
249.800003,0.038513,0.038513,-0.000001,0,0
250.000000,0.038512,0.038513,-0.000001,0,0
250.199997,0.038512,0.038512,-0.000001,0,0
250.399994,0.038512,0.038512,-0.000001,0,0
250.600006,0.038512,0.038512,-0.000001,0,0
250.800003,0.038512,0.038512,-0.000001,0,0
251.000000,0.038511,0.038511,-0.000001,0,0
251.199997,0.038511,0.038511,-0.000001,0,0
251.399994,0.038511,0.038511,-0.000001,0,0
251.600006,0.038511,0.038511,-0.000001,0,0
251.800003,0.038511,0.038511,-0.000001,0,0
252.000000,0.038510,0.038510,-0.000001,0,0
252.199997,0.038510,0.038510,-0.000001,0,0
252.399994,0.038510,0.038510,-0.000001,0,0
252.600006,0.038510,0.038510,-0.000001,0,0
252.800003,0.038510,0.038510,-0.000001,0,0
253.000000,0.038510,0.038510,-0.000001,0,0
253.199997,0.038509,0.038509,-0.000001,0,0
253.399994,0.038509,0.038509,-0.000001,0,0
253.600006,0.038509,0.038509,-0.000001,0,0
253.800003,0.038509,0.038509,-0.000001,0,0
254.000000,0.038509,0.038509,-0.000001,0,0
254.199997,0.038509,0.038509,-0.000001,0,0
254.399994,0.038508,0.038508,-0.000001,0,0
254.600006,0.038508,0.038508,-0.000001,0,0
254.800003,0.038508,0.038508,-0.000001,0,0
255.000000,0.038508,0.038508,-0.000001,0,0
255.199997,0.038508,0.038508,-0.000001,0,0
255.399994,0.038508,0.038508,-0.000001,0,0
255.600006,0.038508,0.038508,-0.000001,0,0
255.800003,0.038507,0.038507,-0.000001,0,0
256.000000,0.038507,0.038507,-0.000001,0,0
256.200012,0.038507,0.038507,-0.000001,0,0
256.399994,0.038507,0.038507,-0.000001,0,0
256.600006,0.038507,0.038507,-0.000001,0,0
256.799988,0.038507,0.038507,-0.000001,0,0
257.000000,0.038507,0.038507,-0.000001,0,0
257.200012,0.038507,0.038507,-0.000001,0,0
257.399994,0.038506,0.038506,-0.000001,0,0
257.600006,0.038506,0.038506,-0.000001,0,0
257.799988,0.038506,0.038506,-0.000001,0,0
258.000000,0.038506,0.038506,-0.000001,0,0
258.200012,0.038506,0.038506,-0.000001,0,0
258.399994,0.038506,0.038506,-0.000001,0,0
258.600006,0.038506,0.038506,-0.000001,0,0
258.799988,0.038506,0.038506,-0.000001,0,0
259.000000,0.038506,0.038506,-0.000001,0,0
259.200012,0.038505,0.038505,-0.000001,0,0
259.399994,0.038505,0.038505,0.000000,0,0
259.600006,0.038505,0.038505,0.000000,0,0
259.799988,0.038505,0.038505,0.000000,0,0
260.000000,0.038505,0.038505,0.000000,0,0
260.200012,0.038505,0.038505,0.000000,0,0
260.399994,0.038505,0.038505,0.000000,0,0
260.600006,0.038505,0.038505,0.000000,0,0
260.799988,0.038505,0.038505,0.000000,0,0
261.000000,0.038505,0.038505,0.000000,0,0
261.200012,0.038505,0.038505,0.000000,0,0
261.399994,0.038504,0.038504,0.000000,0,0
261.600006,0.038504,0.038504,0.000000,0,0
261.799988,0.038504,0.038504,0.000000,0,0
262.000000,0.038504,0.038504,0.000000,0,0
262.200012,0.038504,0.038504,0.000000,0,0
262.399994,0.038504,0.038504,0.000000,0,0
262.600006,0.038504,0.038504,0.000000,0,0
262.799988,0.038504,0.038504,0.000000,0,0
263.000000,0.038504,0.038504,0.000000,0,0
263.200012,0.038504,0.038504,0.000000,0,0
263.399994,0.038504,0.038504,0.000000,0,0
263.600006,0.038504,0.038504,0.000000,0,0
263.799988,0.038504,0.038504,0.000000,0,0
264.000000,0.038504,0.038504,0.000000,0,0
264.200012,0.038503,0.038503,0.000000,0,0
264.399994,0.038503,0.038503,0.000000,0,0
264.600006,0.038503,0.038503,0.000000,0,0
264.799988,0.038503,0.038503,0.000000,0,0
265.000000,0.038503,0.038503,0.000000,0,0
265.200012,0.038503,0.038503,0.000000,0,0
265.399994,0.038503,0.038503,0.000000,0,0
265.600006,0.038503,0.038503,0.000000,0,0
265.799988,0.038503,0.038503,0.000000,0,0
266.000000,0.038503,0.038503,0.000000,0,0
266.200012,0.038503,0.038503,0.000000,0,0
266.399994,0.038503,0.038503,0.000000,0,0
266.600006,0.038503,0.038503,0.000000,0,0
266.799988,0.038503,0.038503,0.000000,0,0
267.000000,0.038503,0.038503,0.000000,0,0
267.200012,0.038503,0.038503,0.000000,0,0
267.399994,0.038503,0.038503,0.000000,0,0
267.600006,0.038503,0.038503,0.000000,0,0
267.799988,0.038503,0.038503,0.000000,0,0
268.000000,0.038502,0.038502,0.000000,0,0
268.200012,0.038502,0.038502,0.000000,0,0
268.399994,0.038502,0.038502,0.000000,0,0
268.600006,0.038502,0.038502,0.000000,0,0
268.799988,0.038502,0.038502,0.000000,0,0
269.000000,0.038502,0.038502,0.000000,0,0
269.200012,0.038502,0.038502,0.000000,0,0
269.399994,0.038502,0.038502,0.000000,0,0
269.600006,0.038502,0.038502,0.000000,0,0
269.799988,0.038502,0.038502,0.000000,0,0
270.000000,0.038502,0.038502,0.000000,0,0
270.200012,0.038502,0.038502,0.000000,0,0
270.399994,0.038502,0.038502,0.000000,0,0
270.600006,0.038502,0.038502,0.000000,0,0
270.799988,0.038502,0.038502,0.000000,0,0
271.000000,0.038502,0.038502,0.000000,0,0
271.200012,0.038502,0.038502,0.000000,0,0
271.399994,0.038502,0.038502,0.000000,0,0
271.600006,0.038502,0.038502,0.000000,0,0
271.799988,0.038502,0.038502,0.000000,0,0
272.000000,0.038502,0.038502,0.000000,0,0
272.200012,0.038502,0.038502,0.000000,0,0
272.399994,0.038502,0.038502,0.000000,0,0
272.600006,0.038502,0.038502,0.000000,0,0
272.799988,0.038502,0.038502,0.000000,0,0
273.000000,0.038502,0.038502,0.000000,0,0
273.200012,0.038502,0.038502,0.000000,0,0
273.399994,0.038502,0.038502,0.000000,0,0
273.600006,0.038501,0.038501,0.000000,0,0
273.799988,0.038501,0.038501,0.000000,0,0
274.000000,0.038501,0.038501,0.000000,0,0
274.200012,0.038501,0.038501,0.000000,0,0
274.399994,0.038501,0.038501,0.000000,0,0
274.600006,0.038501,0.038501,0.000000,0,0
274.799988,0.038501,0.038501,0.000000,0,0
275.000000,0.038501,0.038501,0.000000,0,0
275.200012,0.038501,0.038501,0.000000,0,0
275.399994,0.038501,0.038501,0.000000,0,0
275.600006,0.038501,0.038501,0.000000,0,0
275.799988,0.038501,0.038501,0.000000,0,0
276.000000,0.038501,0.038501,0.000000,0,0
276.200012,0.038501,0.038501,0.000000,0,0
276.399994,0.038501,0.038501,0.000000,0,0
276.600006,0.038501,0.038501,0.000000,0,0
276.799988,0.038501,0.038501,0.000000,0,0
277.000000,0.038501,0.038501,0.000000,0,0
277.200012,0.038501,0.038501,0.000000,0,0
277.399994,0.038501,0.038501,0.000000,0,0
277.600006,0.038501,0.038501,0.000000,0,0
277.799988,0.038501,0.038501,0.000000,0,0
278.000000,0.038501,0.038501,0.000000,0,0
278.200012,0.038501,0.038501,0.000000,0,0
278.399994,0.038501,0.038501,0.000000,0,0
278.600006,0.038501,0.038501,0.000000,0,0
278.799988,0.038501,0.038501,0.000000,0,0
279.000000,0.038501,0.038501,0.000000,0,0
279.200012,0.038501,0.038501,0.000000,0,0
279.399994,0.038501,0.038501,0.000000,0,0
279.600006,0.038501,0.038501,0.000000,0,0
279.799988,0.038501,0.038501,0.000000,0,0
280.000000,0.038501,0.038501,0.000000,0,0
280.200012,0.038501,0.038501,0.000000,0,0
280.399994,0.038501,0.038501,0.000000,0,0
280.600006,0.038501,0.038501,0.000000,0,0
280.799988,0.038501,0.038501,0.000000,0,0
281.000000,0.038501,0.038501,0.000000,0,0
281.200012,0.038501,0.038501,0.000000,0,0
281.399994,0.038501,0.038501,0.000000,0,0
281.600006,0.038501,0.038501,0.000000,0,0
281.799988,0.038501,0.038501,0.000000,0,0
282.000000,0.038501,0.038501,0.000000,0,0
282.200012,0.038501,0.038501,0.000000,0,0
282.399994,0.038501,0.038501,0.000000,0,0
282.600006,0.038501,0.038501,0.000000,0,0
282.799988,0.038501,0.038501,0.000000,0,0
283.000000,0.038501,0.038501,0.000000,0,0
283.200012,0.038501,0.038501,0.000000,0,0
283.399994,0.038501,0.038501,0.000000,0,0
283.600006,0.038501,0.038501,0.000000,0,0
283.799988,0.038501,0.038501,0.000000,0,0
284.000000,0.038501,0.038501,0.000000,0,0
284.200012,0.038501,0.038501,0.000000,0,0
284.399994,0.038501,0.038501,0.000000,0,0
284.600006,0.038501,0.038501,0.000000,0,0
284.799988,0.038501,0.038501,0.000000,0,0
285.000000,0.038501,0.038501,0.000000,0,0
285.200012,0.038501,0.038501,0.000000,0,0
285.399994,0.038501,0.038501,0.000000,0,0
285.600006,0.038500,0.038500,0.000000,0,0
285.799988,0.038500,0.038500,0.000000,0,0
286.000000,0.038500,0.038500,0.000000,0,0
286.200012,0.038500,0.038500,0.000000,0,0
286.399994,0.038500,0.038500,0.000000,0,0
286.600006,0.038500,0.038500,0.000000,0,0
286.799988,0.038500,0.038500,0.000000,0,0
287.000000,0.038500,0.038500,0.000000,0,0
287.200012,0.038500,0.038500,0.000000,0,0
287.399994,0.038500,0.038500,0.000000,0,0
287.600006,0.038500,0.038500,0.000000,0,0
287.799988,0.038500,0.038500,0.000000,0,0
288.000000,0.038500,0.038500,0.000000,0,0
288.200012,0.038500,0.038500,0.000000,0,0
288.399994,0.038500,0.038500,0.000000,0,0
288.600006,0.038500,0.038500,0.000000,0,0
288.799988,0.038500,0.038500,0.000000,0,0
289.000000,0.038500,0.038500,0.000000,0,0
289.200012,0.038500,0.038500,0.000000,0,0
289.399994,0.038500,0.038500,0.000000,0,0
289.600006,0.038500,0.038500,0.000000,0,0
289.799988,0.038500,0.038500,0.000000,0,0
290.000000,0.038500,0.038500,0.000000,0,0
290.200012,0.038500,0.038500,0.000000,0,0
290.399994,0.038500,0.038500,0.000000,0,0
290.600006,0.038500,0.038500,0.000000,0,0
290.799988,0.038500,0.038500,0.000000,0,0
291.000000,0.038500,0.038500,0.000000,0,0
291.200012,0.038500,0.038500,0.000000,0,0
291.399994,0.038500,0.038500,0.000000,0,0
291.600006,0.038500,0.038500,0.000000,0,0
291.799988,0.038500,0.038500,0.000000,0,0
292.000000,0.038500,0.038500,0.000000,0,0
292.200012,0.038500,0.038500,0.000000,0,0
292.399994,0.038500,0.038500,0.000000,0,0
292.600006,0.038500,0.038500,0.000000,0,0
292.799988,0.038500,0.038500,0.000000,0,0
293.000000,0.038500,0.038500,0.000000,0,0
293.200012,0.038500,0.038500,0.000000,0,0
293.399994,0.038500,0.038500,0.000000,0,0
293.600006,0.038500,0.038500,0.000000,0,0
293.799988,0.038500,0.038500,0.000000,0,0
294.000000,0.038500,0.038500,0.000000,0,0
294.200012,0.038500,0.038500,0.000000,0,0
294.399994,0.038500,0.038500,0.000000,0,0
294.600006,0.038500,0.038500,0.000000,0,0
294.799988,0.038500,0.038500,0.000000,0,0
295.000000,0.038500,0.038500,0.000000,0,0
295.200012,0.038500,0.038500,0.000000,0,0
295.399994,0.038500,0.038500,0.000000,0,0
295.600006,0.038500,0.038500,0.000000,0,0
295.799988,0.038500,0.038500,0.000000,0,0
296.000000,0.038500,0.038500,0.000000,0,0
296.200012,0.038500,0.038500,0.000000,0,0
296.399994,0.038500,0.038500,0.000000,0,0
296.600006,0.038500,0.038500,0.000000,0,0
296.799988,0.038500,0.038500,0.000000,0,0
297.000000,0.038500,0.038500,0.000000,0,0
297.200012,0.038500,0.038500,0.000000,0,0
297.399994,0.038500,0.038500,0.000000,0,0
297.600006,0.038500,0.038500,0.000000,0,0
297.799988,0.038500,0.038500,0.000000,0,0
298.000000,0.038500,0.038500,0.000000,0,0
298.200012,0.038500,0.038500,0.000000,0,0
298.399994,0.038500,0.038500,0.000000,0,0
298.600006,0.038500,0.038500,0.000000,0,0
298.799988,0.038500,0.038500,0.000000,0,0
299.000000,0.038500,0.038500,0.000000,0,0
299.200012,0.038500,0.038500,0.000000,0,0
299.399994,0.038500,0.038500,0.000000,0,0
299.600006,0.038500,0.038500,0.000000,0,0
299.799988,0.038500,0.038500,0.000000,0,0
300.000000,0.038500,0.038500,0.000000,0,0
300.200012,0.038500,0.038500,0.000000,0,0
300.399994,0.038500,0.038500,0.000000,0,0
300.600006,0.038500,0.038500,0.000000,0,0
300.799988,0.038500,0.038500,0.000000,0,0
301.000000,0.038500,0.038500,0.000000,0,0
301.200012,0.038500,0.038500,0.000000,0,0
301.399994,0.038500,0.038500,0.000000,0,0
301.600006,0.038500,0.038500,0.000000,0,0
301.799988,0.038500,0.038500,0.000000,0,0
302.000000,0.038500,0.038500,0.000000,0,0
302.200012,0.038500,0.038500,0.000000,0,0
302.399994,0.038500,0.038500,0.000000,0,0
302.600006,0.038500,0.038500,0.000000,0,0
302.799988,0.038500,0.038500,0.000000,0,0
303.000000,0.038500,0.038500,0.000000,0,0
303.200012,0.038500,0.038500,0.000000,0,0
303.399994,0.038500,0.038500,0.000000,0,0
303.600006,0.038500,0.038500,0.000000,0,0
303.799988,0.038500,0.038500,0.000000,0,0
304.000000,0.038500,0.038500,0.000000,0,0
304.200012,0.038500,0.038500,0.000000,0,0
304.399994,0.038500,0.038500,0.000000,0,0
304.600006,0.038500,0.038500,0.000000,0,0
304.799988,0.038500,0.038500,0.000000,0,0
305.000000,0.038500,0.038500,0.000000,0,0
305.200012,0.038500,0.038500,0.000000,0,0
305.399994,0.038500,0.038500,0.000000,0,0
305.600006,0.038500,0.038500,0.000000,0,0
305.799988,0.038500,0.038500,0.000000,0,0
306.000000,0.038500,0.038500,0.000000,0,0
306.200012,0.038500,0.038500,0.000000,0,0
306.399994,0.038500,0.038500,0.000000,0,0
306.600006,0.038500,0.038500,0.000000,0,0
306.799988,0.038500,0.038500,0.000000,0,0
307.000000,0.038500,0.038500,0.000000,0,0
307.200012,0.038500,0.038500,0.000000,0,0
307.399994,0.038500,0.038500,0.000000,0,0
307.600006,0.038500,0.038500,0.000000,0,0
307.799988,0.038500,0.038500,0.000000,0,0
308.000000,0.038500,0.038500,0.000000,0,0
308.200012,0.038500,0.038500,0.000000,0,0
308.399994,0.038500,0.038500,0.000000,0,0
308.600006,0.038500,0.038500,0.000000,0,0
308.799988,0.038500,0.038500,0.000000,0,0
309.000000,0.038500,0.038500,0.000000,0,0
309.200012,0.038500,0.038500,0.000000,0,0
309.399994,0.038500,0.038500,0.000000,0,0
309.600006,0.038500,0.038500,0.000000,0,0
309.799988,0.038500,0.038500,0.000000,0,0
310.000000,0.038500,0.038500,0.000000,0,0
310.200012,0.038500,0.038500,0.000000,0,0
310.399994,0.038500,0.038500,0.000000,0,0
310.600006,0.038500,0.038500,0.000000,0,0
310.799988,0.038500,0.038500,0.000000,0,0
311.000000,0.038500,0.038500,0.000000,0,0
311.200012,0.038500,0.038500,0.000000,0,0
311.399994,0.038500,0.038500,0.000000,0,0
311.600006,0.038500,0.038500,0.000000,0,0
311.799988,0.038500,0.038500,0.000000,0,0
312.000000,0.038500,0.038500,0.000000,0,0
312.200012,0.038500,0.038500,0.000000,0,0
312.399994,0.038500,0.038500,0.000000,0,0
312.600006,0.038500,0.038500,0.000000,0,0
312.799988,0.038500,0.038500,0.000000,0,0
313.000000,0.038500,0.038500,0.000000,0,0
313.200012,0.038500,0.038500,0.000000,0,0
313.399994,0.038500,0.038500,0.000000,0,0
313.600006,0.038500,0.038500,0.000000,0,0
313.799988,0.038500,0.038500,0.000000,0,0
314.000000,0.038500,0.038500,0.000000,0,0
314.200012,0.038500,0.038500,0.000000,0,0
314.399994,0.038500,0.038500,0.000000,0,0
314.600006,0.038500,0.038500,0.000000,0,0
314.799988,0.038500,0.038500,0.000000,0,0
315.000000,0.038500,0.038500,0.000000,0,0
315.200012,0.038500,0.038500,0.000000,0,0
315.399994,0.038500,0.038500,0.000000,0,0
315.600006,0.038500,0.038500,0.000000,0,0
315.799988,0.038500,0.038500,0.000000,0,0
316.000000,0.038500,0.038500,0.000000,0,0
316.200012,0.038500,0.038500,0.000000,0,0
316.399994,0.038500,0.038500,0.000000,0,0
316.600006,0.038500,0.038500,0.000000,0,0
316.799988,0.038500,0.038500,0.000000,0,0
317.000000,0.038500,0.038500,0.000000,0,0
317.200012,0.038500,0.038500,0.000000,0,0
317.399994,0.038500,0.038500,0.000000,0,0
317.600006,0.038500,0.038500,0.000000,0,0
317.799988,0.038500,0.038500,0.000000,0,0
318.000000,0.038500,0.038500,0.000000,0,0
318.200012,0.038500,0.038500,0.000000,0,0
318.399994,0.038500,0.038500,0.000000,0,0
318.600006,0.038500,0.038500,0.000000,0,0
318.799988,0.038500,0.038500,0.000000,0,0
319.000000,0.038500,0.038500,0.000000,0,0
319.200012,0.038500,0.038500,0.000000,0,0
319.399994,0.038500,0.038500,0.000000,0,0
319.600006,0.038500,0.038500,0.000000,0,0
319.799988,0.038500,0.038500,0.000000,0,0
320.000000,0.038500,0.038500,0.000000,0,0
320.200012,0.038500,0.038500,0.000000,0,0
320.399994,0.038500,0.038500,0.000000,0,0
320.600006,0.038500,0.038500,0.000000,0,0
320.799988,0.038500,0.038500,0.000000,0,0
321.000000,0.038500,0.038500,0.000000,0,0
321.200012,0.038500,0.038500,0.000000,0,0
321.399994,0.038500,0.038500,0.000000,0,0
321.600006,0.038500,0.038500,0.000000,0,0
321.799988,0.038500,0.038500,0.000000,0,0
322.000000,0.038500,0.038500,0.000000,0,0
322.200012,0.038500,0.038500,0.000000,0,0
322.399994,0.038500,0.038500,0.000000,0,0
322.600006,0.038500,0.038500,0.000000,0,0
322.799988,0.038500,0.038500,0.000000,0,0
323.000000,0.038500,0.038500,0.000000,0,0
323.200012,0.038500,0.038500,0.000000,0,0
323.399994,0.038500,0.038500,0.000000,0,0
323.600006,0.038500,0.038500,0.000000,0,0
323.799988,0.038500,0.038500,0.000000,0,0
324.000000,0.038500,0.038500,0.000000,0,0
324.200012,0.038500,0.038500,0.000000,0,0
324.399994,0.038500,0.038500,0.000000,0,0
324.600006,0.038500,0.038500,0.000000,0,0
324.799988,0.038500,0.038500,0.000000,0,0
325.000000,0.038500,0.038500,0.000000,0,0
325.200012,0.038500,0.038500,0.000000,0,0
325.399994,0.038500,0.038500,0.000000,0,0
325.600006,0.038500,0.038500,0.000000,0,0
325.799988,0.038500,0.038500,0.000000,0,0
326.000000,0.038500,0.038500,0.000000,0,0
326.200012,0.038500,0.038500,0.000000,0,0
326.399994,0.038500,0.038500,0.000000,0,0
326.600006,0.038500,0.038500,0.000000,0,0
326.799988,0.038500,0.038500,0.000000,0,0
327.000000,0.038500,0.038500,0.000000,0,0
327.200012,0.038500,0.038500,0.000000,0,0
327.399994,0.038500,0.038500,0.000000,0,0
327.600006,0.038500,0.038500,0.000000,0,0
327.799988,0.038500,0.038500,0.000000,0,0
328.000000,0.038500,0.038500,0.000000,0,0
328.200012,0.038500,0.038500,0.000000,0,0
328.399994,0.038500,0.038500,0.000000,0,0
328.600006,0.038500,0.038500,0.000000,0,0
328.799988,0.038500,0.038500,0.000000,0,0
329.000000,0.038500,0.038500,0.000000,0,0
329.200012,0.038500,0.038500,0.000000,0,0
329.399994,0.038500,0.038500,0.000000,0,0
329.600006,0.038500,0.038500,0.000000,0,0
329.799988,0.038500,0.038500,0.000000,0,0
330.000000,0.038500,0.038500,0.000000,0,0
330.200012,0.038500,0.038500,0.000000,0,0
330.399994,0.038500,0.038500,0.000000,0,0
330.600006,0.038500,0.038500,0.000000,0,0
330.799988,0.038500,0.038500,0.000000,0,0
331.000000,0.038500,0.038500,0.000000,0,0
331.200012,0.038500,0.038500,0.000000,0,0
331.399994,0.038500,0.038500,0.000000,0,0
331.600006,0.038500,0.038500,0.000000,0,0
331.799988,0.038500,0.038500,0.000000,0,0
332.000000,0.038500,0.038500,0.000000,0,0
332.200012,0.038500,0.038500,0.000000,0,0
332.399994,0.038500,0.038500,0.000000,0,0
332.600006,0.038500,0.038500,0.000000,0,0
332.799988,0.038500,0.038500,0.000000,0,0
333.000000,0.038500,0.038500,0.000000,0,0
333.200012,0.038500,0.038500,0.000000,0,0
333.399994,0.038500,0.038500,0.000000,0,0
333.600006,0.038500,0.038500,0.000000,0,0
333.799988,0.038500,0.038500,0.000000,0,0
334.000000,0.038500,0.038500,0.000000,0,0
334.200012,0.038500,0.038500,0.000000,0,0
334.399994,0.038500,0.038500,0.000000,0,0
334.600006,0.038500,0.038500,0.000000,0,0
334.799988,0.038500,0.038500,0.000000,0,0
335.000000,0.038500,0.038500,0.000000,0,0
335.200012,0.038500,0.038500,0.000000,0,0
335.399994,0.038500,0.038500,0.000000,0,0
335.600006,0.038500,0.038500,0.000000,0,0
335.799988,0.038500,0.038500,0.000000,0,0
336.000000,0.038500,0.038500,0.000000,0,0
336.200012,0.038500,0.038500,0.000000,0,0
336.399994,0.038500,0.038500,0.000000,0,0
336.600006,0.038500,0.038500,0.000000,0,0
336.799988,0.038500,0.038500,0.000000,0,0
337.000000,0.038500,0.038500,0.000000,0,0
337.200012,0.038500,0.038500,0.000000,0,0
337.399994,0.038500,0.038500,0.000000,0,0
337.600006,0.038500,0.038500,0.000000,0,0
337.799988,0.038500,0.038500,0.000000,0,0
338.000000,0.038500,0.038500,0.000000,0,0
338.200012,0.038500,0.038500,0.000000,0,0
338.399994,0.038500,0.038500,0.000000,0,0
338.600006,0.038500,0.038500,0.000000,0,0
338.799988,0.038500,0.038500,0.000000,0,0
339.000000,0.038500,0.038500,0.000000,0,0
339.200012,0.038500,0.038500,0.000000,0,0
339.399994,0.038500,0.038500,0.000000,0,0
339.600006,0.038500,0.038500,0.000000,0,0
339.799988,0.038500,0.038500,0.000000,0,0
340.000000,0.038500,0.038500,0.000000,0,0
340.200012,0.038500,0.038500,0.000000,0,0
340.399994,0.038500,0.038500,0.000000,0,0
340.600006,0.038500,0.038500,0.000000,0,0
340.799988,0.038500,0.038500,0.000000,0,0
341.000000,0.038500,0.038500,0.000000,0,0
341.200012,0.038500,0.038500,0.000000,0,0
341.399994,0.038500,0.038500,0.000000,0,0
341.600006,0.038500,0.038500,0.000000,0,0
341.799988,0.038500,0.038500,0.000000,0,0
342.000000,0.038500,0.038500,0.000000,0,0
342.200012,0.038500,0.038500,0.000000,0,0
342.399994,0.038500,0.038500,0.000000,0,0
342.600006,0.038500,0.038500,0.000000,0,0
342.799988,0.038500,0.038500,0.000000,0,0
343.000000,0.038500,0.038500,0.000000,0,0
343.200012,0.038500,0.038500,0.000000,0,0
343.399994,0.038500,0.038500,0.000000,0,0
343.600006,0.038500,0.038500,0.000000,0,0
343.799988,0.038500,0.038500,0.000000,0,0
344.000000,0.038500,0.038500,0.000000,0,0
344.200012,0.038500,0.038500,0.000000,0,0
344.399994,0.038500,0.038500,0.000000,0,0
344.600006,0.038500,0.038500,0.000000,0,0
344.799988,0.038500,0.038500,0.000000,0,0
345.000000,0.038500,0.038500,0.000000,0,0
345.200012,0.038500,0.038500,0.000000,0,0
345.399994,0.038500,0.038500,0.000000,0,0
345.600006,0.038500,0.038500,0.000000,0,0
345.799988,0.038500,0.038500,0.000000,0,0
346.000000,0.038500,0.038500,0.000000,0,0
346.200012,0.038500,0.038500,0.000000,0,0
346.399994,0.038500,0.038500,0.000000,0,0
346.600006,0.038500,0.038500,0.000000,0,0
346.799988,0.038500,0.038500,0.000000,0,0
347.000000,0.038500,0.038500,0.000000,0,0
347.200012,0.038500,0.038500,0.000000,0,0
347.399994,0.038500,0.038500,0.000000,0,0
347.600006,0.038500,0.038500,0.000000,0,0
347.799988,0.038500,0.038500,0.000000,0,0
348.000000,0.038500,0.038500,0.000000,0,0
348.200012,0.038500,0.038500,0.000000,0,0
348.399994,0.038500,0.038500,0.000000,0,0
348.600006,0.038500,0.038500,0.000000,0,0
348.799988,0.038500,0.038500,0.000000,0,0
349.000000,0.038500,0.038500,0.000000,0,0
349.200012,0.038500,0.038500,0.000000,0,0
349.399994,0.038500,0.038500,0.000000,0,0
349.600006,0.038500,0.038500,0.000000,0,0
349.799988,0.038500,0.038500,0.000000,0,0
350.000000,0.038500,0.038500,0.000000,0,0
350.200012,0.038500,0.038500,0.000000,0,0
350.399994,0.038500,0.038500,0.000000,0,0
350.600006,0.038500,0.038500,0.000000,0,0
350.799988,0.038500,0.038500,0.000000,0,0
351.000000,0.038500,0.038500,0.000000,0,0
351.200012,0.038500,0.038500,0.000000,0,0
351.399994,0.038500,0.038500,0.000000,0,0
351.600006,0.038500,0.038500,0.000000,0,0
351.799988,0.038500,0.038500,0.000000,0,0
352.000000,0.038500,0.038500,0.000000,0,0
352.200012,0.038500,0.038500,0.000000,0,0
352.399994,0.038500,0.038500,0.000000,0,0
352.600006,0.038500,0.038500,0.000000,0,0
352.799988,0.038500,0.038500,0.000000,0,0
353.000000,0.038500,0.038500,0.000000,0,0
353.200012,0.038500,0.038500,0.000000,0,0
353.399994,0.038500,0.038500,0.000000,0,0
353.600006,0.038500,0.038500,0.000000,0,0
353.799988,0.038500,0.038500,0.000000,0,0
354.000000,0.038500,0.038500,0.000000,0,0
354.200012,0.038500,0.038500,0.000000,0,0
354.399994,0.038500,0.038500,0.000000,0,0
354.600006,0.038500,0.038500,0.000000,0,0
354.799988,0.038500,0.038500,0.000000,0,0
355.000000,0.038500,0.038500,0.000000,0,0
355.200012,0.038500,0.038500,0.000000,0,0
355.399994,0.038500,0.038500,0.000000,0,0
355.600006,0.038500,0.038500,0.000000,0,0
355.799988,0.038500,0.038500,0.000000,0,0
356.000000,0.038500,0.038500,0.000000,0,0
356.200012,0.038500,0.038500,0.000000,0,0
356.399994,0.038500,0.038500,0.000000,0,0
356.600006,0.038500,0.038500,0.000000,0,0
356.799988,0.038500,0.038500,0.000000,0,0
357.000000,0.038500,0.038500,0.000000,0,0
357.200012,0.038500,0.038500,0.000000,0,0
357.399994,0.038500,0.038500,0.000000,0,0
357.600006,0.038500,0.038500,0.000000,0,0
357.799988,0.038500,0.038500,0.000000,0,0
358.000000,0.038500,0.038500,0.000000,0,0
358.200012,0.038500,0.038500,0.000000,0,0
358.399994,0.038500,0.038500,0.000000,0,0
358.600006,0.038500,0.038500,0.000000,0,0
358.799988,0.038500,0.038500,0.000000,0,0
359.000000,0.038500,0.038500,0.000000,0,0
359.200012,0.038500,0.038500,0.000000,0,0
359.399994,0.038500,0.038500,0.000000,0,0
359.600006,0.038500,0.038500,0.000000,0,0
359.799988,0.038500,0.038500,0.000000,0,0
360.000000,0.038500,0.038500,0.000000,0,0
360.200012,0.038500,0.038500,0.000000,0,0
360.399994,0.038500,0.038500,0.000000,0,0
360.600006,0.038500,0.038500,0.000000,0,0
360.799988,0.038500,0.038500,0.000000,0,0
361.000000,0.038500,0.038500,0.000000,0,0
361.200012,0.038500,0.038500,0.000000,0,0
361.399994,0.038500,0.038500,0.000000,0,0
361.600006,0.038500,0.038500,0.000000,0,0
361.799988,0.038500,0.038500,0.000000,0,0
362.000000,0.038500,0.038500,0.000000,0,0
362.200012,0.038500,0.038500,0.000000,0,0
362.399994,0.038500,0.038500,0.000000,0,0
362.600006,0.038500,0.038500,0.000000,0,0
362.799988,0.038500,0.038500,0.000000,0,0
363.000000,0.038500,0.038500,0.000000,0,0
363.200012,0.038500,0.038500,0.000000,0,0
363.399994,0.038500,0.038500,0.000000,0,0
363.600006,0.038500,0.038500,0.000000,0,0
363.799988,0.038500,0.038500,0.000000,0,0
364.000000,0.038500,0.038500,0.000000,0,0
364.200012,0.038500,0.038500,0.000000,0,0
364.399994,0.038500,0.038500,0.000000,0,0
364.600006,0.038500,0.038500,0.000000,0,0
364.799988,0.038500,0.038500,0.000000,0,0
365.000000,0.038500,0.038500,0.000000,0,0
365.200012,0.038500,0.038500,0.000000,0,0
365.399994,0.038500,0.038500,0.000000,0,0
365.600006,0.038500,0.038500,0.000000,0,0
365.799988,0.038500,0.038500,0.000000,0,0
366.000000,0.038500,0.038500,0.000000,0,0
366.200012,0.038500,0.038500,0.000000,0,0
366.399994,0.038500,0.038500,0.000000,0,0
366.600006,0.038500,0.038500,0.000000,0,0
366.799988,0.038500,0.038500,0.000000,0,0
367.000000,0.038500,0.038500,0.000000,0,0
367.200012,0.038500,0.038500,0.000000,0,0
367.399994,0.038500,0.038500,0.000000,0,0
367.600006,0.038500,0.038500,0.000000,0,0
367.799988,0.038500,0.038500,0.000000,0,0
368.000000,0.038500,0.038500,0.000000,0,0
368.200012,0.038500,0.038500,0.000000,0,0
368.399994,0.038500,0.038500,0.000000,0,0
368.600006,0.038500,0.038500,0.000000,0,0
368.799988,0.038500,0.038500,0.000000,0,0
369.000000,0.038500,0.038500,0.000000,0,0
369.200012,0.038500,0.038500,0.000000,0,0
369.399994,0.038500,0.038500,0.000000,0,0
369.600006,0.038500,0.038500,0.000000,0,0
369.799988,0.038500,0.038500,0.000000,0,0
370.000000,0.038500,0.038500,0.000000,0,0
370.200012,0.038500,0.038500,0.000000,0,0
370.399994,0.038500,0.038500,0.000000,0,0
370.600006,0.038500,0.038500,0.000000,0,0
370.799988,0.038500,0.038500,0.000000,0,0
371.000000,0.038500,0.038500,0.000000,0,0
371.200012,0.038500,0.038500,0.000000,0,0
371.399994,0.038500,0.038500,0.000000,0,0
371.600006,0.038500,0.038500,0.000000,0,0
371.799988,0.038500,0.038500,0.000000,0,0
372.000000,0.038500,0.038500,0.000000,0,0
372.200012,0.038500,0.038500,0.000000,0,0
372.399994,0.038500,0.038500,0.000000,0,0
372.600006,0.038500,0.038500,0.000000,0,0
372.799988,0.038500,0.038500,0.000000,0,0
373.000000,0.038500,0.038500,0.000000,0,0
373.200012,0.038500,0.038500,0.000000,0,0
373.399994,0.038500,0.038500,0.000000,0,0
373.600006,0.038500,0.038500,0.000000,0,0
373.799988,0.038500,0.038500,0.000000,0,0
374.000000,0.038500,0.038500,0.000000,0,0
374.200012,0.038500,0.038500,0.000000,0,0
374.399994,0.038500,0.038500,0.000000,0,0
374.600006,0.038500,0.038500,0.000000,0,0
374.799988,0.038500,0.038500,0.000000,0,0
375.000000,0.038500,0.038500,0.000000,0,0
375.200012,0.038500,0.038500,0.000000,0,0
375.399994,0.038500,0.038500,0.000000,0,0
375.600006,0.038500,0.038500,0.000000,0,0
375.799988,0.038500,0.038500,0.000000,0,0
376.000000,0.038500,0.038500,0.000000,0,0
376.200012,0.038500,0.038500,0.000000,0,0
376.399994,0.038500,0.038500,0.000000,0,0
376.600006,0.038500,0.038500,0.000000,0,0
376.799988,0.038500,0.038500,0.000000,0,0
377.000000,0.038500,0.038500,0.000000,0,0
377.200012,0.038500,0.038500,0.000000,0,0
377.399994,0.038500,0.038500,0.000000,0,0
377.600006,0.038500,0.038500,0.000000,0,0
377.799988,0.038500,0.038500,0.000000,0,0
378.000000,0.038500,0.038500,0.000000,0,0
378.200012,0.038500,0.038500,0.000000,0,0
378.399994,0.038500,0.038500,0.000000,0,0
378.600006,0.038500,0.038500,0.000000,0,0
378.799988,0.038500,0.038500,0.000000,0,0
379.000000,0.038500,0.038500,0.000000,0,0
379.200012,0.038500,0.038500,0.000000,0,0
379.399994,0.038500,0.038500,0.000000,0,0
379.600006,0.038500,0.038500,0.000000,0,0
379.799988,0.038500,0.038500,0.000000,0,0
380.000000,0.038500,0.038500,0.000000,0,0
380.200012,0.038500,0.038500,0.000000,0,0
380.399994,0.038500,0.038500,0.000000,0,0
380.600006,0.038500,0.038500,0.000000,0,0
380.799988,0.038500,0.038500,0.000000,0,0
381.000000,0.038500,0.038500,0.000000,0,0
381.200012,0.038500,0.038500,0.000000,0,0
381.399994,0.038500,0.038500,0.000000,0,0
381.600006,0.038500,0.038500,0.000000,0,0
381.799988,0.038500,0.038500,0.000000,0,0
382.000000,0.038500,0.038500,0.000000,0,0
382.200012,0.038500,0.038500,0.000000,0,0
382.399994,0.038500,0.038500,0.000000,0,0
382.600006,0.038500,0.038500,0.000000,0,0
382.799988,0.038500,0.038500,0.000000,0,0
383.000000,0.038500,0.038500,0.000000,0,0
383.200012,0.038500,0.038500,0.000000,0,0
383.399994,0.038500,0.038500,0.000000,0,0
383.600006,0.038500,0.038500,0.000000,0,0
383.799988,0.038500,0.038500,0.000000,0,0
384.000000,0.038500,0.038500,0.000000,0,0
384.200012,0.038500,0.038500,0.000000,0,0
384.399994,0.038500,0.038500,0.000000,0,0
384.600006,0.038500,0.038500,0.000000,0,0
384.799988,0.038500,0.038500,0.000000,0,0
385.000000,0.038500,0.038500,0.000000,0,0
385.200012,0.038500,0.038500,0.000000,0,0
385.399994,0.038500,0.038500,0.000000,0,0
385.600006,0.038500,0.038500,0.000000,0,0
385.799988,0.038500,0.038500,0.000000,0,0
386.000000,0.038500,0.038500,0.000000,0,0
386.200012,0.038500,0.038500,0.000000,0,0
386.399994,0.038500,0.038500,0.000000,0,0
386.600006,0.038500,0.038500,0.000000,0,0
386.799988,0.038500,0.038500,0.000000,0,0
387.000000,0.038500,0.038500,0.000000,0,0
387.200012,0.038500,0.038500,0.000000,0,0
387.399994,0.038500,0.038500,0.000000,0,0
387.600006,0.038500,0.038500,0.000000,0,0
387.799988,0.038500,0.038500,0.000000,0,0
388.000000,0.038500,0.038500,0.000000,0,0
388.200012,0.038500,0.038500,0.000000,0,0
388.399994,0.038500,0.038500,0.000000,0,0
388.600006,0.038500,0.038500,0.000000,0,0
388.799988,0.038500,0.038500,0.000000,0,0
389.000000,0.038500,0.038500,0.000000,0,0
389.200012,0.038500,0.038500,0.000000,0,0
389.399994,0.038500,0.038500,0.000000,0,0
389.600006,0.038500,0.038500,0.000000,0,0
389.799988,0.038500,0.038500,0.000000,0,0
390.000000,0.038500,0.038500,0.000000,0,0
390.200012,0.038500,0.038500,0.000000,0,0
390.399994,0.038500,0.038500,0.000000,0,0
390.600006,0.038500,0.038500,0.000000,0,0
390.799988,0.038500,0.038500,0.000000,0,0
391.000000,0.038500,0.038500,0.000000,0,0
391.200012,0.038500,0.038500,0.000000,0,0
391.399994,0.038500,0.038500,0.000000,0,0
391.600006,0.038500,0.038500,0.000000,0,0
391.799988,0.038500,0.038500,0.000000,0,0
392.000000,0.038500,0.038500,0.000000,0,0
392.200012,0.038500,0.038500,0.000000,0,0
392.399994,0.038500,0.038500,0.000000,0,0
392.600006,0.038500,0.038500,0.000000,0,0
392.799988,0.038500,0.038500,0.000000,0,0
393.000000,0.038500,0.038500,0.000000,0,0
393.200012,0.038500,0.038500,0.000000,0,0
393.399994,0.038500,0.038500,0.000000,0,0
393.600006,0.038500,0.038500,0.000000,0,0
393.799988,0.038500,0.038500,0.000000,0,0
394.000000,0.038500,0.038500,0.000000,0,0
394.200012,0.038500,0.038500,0.000000,0,0
394.399994,0.038500,0.038500,0.000000,0,0
394.600006,0.038500,0.038500,0.000000,0,0
394.799988,0.038500,0.038500,0.000000,0,0
395.000000,0.038500,0.038500,0.000000,0,0
395.200012,0.038500,0.038500,0.000000,0,0
395.399994,0.038500,0.038500,0.000000,0,0
395.600006,0.038500,0.038500,0.000000,0,0
395.799988,0.038500,0.038500,0.000000,0,0
396.000000,0.038500,0.038500,0.000000,0,0
396.200012,0.038500,0.038500,0.000000,0,0
396.399994,0.038500,0.038500,0.000000,0,0
396.600006,0.038500,0.038500,0.000000,0,0
396.799988,0.038500,0.038500,0.000000,0,0
397.000000,0.038500,0.038500,0.000000,0,0
397.200012,0.038500,0.038500,0.000000,0,0
397.399994,0.038500,0.038500,0.000000,0,0
397.600006,0.038500,0.038500,0.000000,0,0
397.799988,0.038500,0.038500,0.000000,0,0
398.000000,0.038500,0.038500,0.000000,0,0
398.200012,0.038500,0.038500,0.000000,0,0
398.399994,0.038500,0.038500,0.000000,0,0
398.600006,0.038500,0.038500,0.000000,0,0
398.799988,0.038500,0.038500,0.000000,0,0
399.000000,0.038500,0.038500,0.000000,0,0
399.200012,0.038500,0.038500,0.000000,0,0
399.399994,0.038500,0.038500,0.000000,0,0
399.600006,0.038500,0.038500,0.000000,0,0
399.799988,0.038500,0.038500,0.000000,0,0
400.000000,0.038500,0.038500,0.000000,0,0
400.200012,0.038500,0.038500,0.000000,0,0
400.399994,0.038500,0.038500,0.000000,0,0
400.600006,0.038500,0.038500,0.000000,0,0
400.799988,0.038500,0.038500,0.000000,0,0
401.000000,0.038500,0.038500,0.000000,0,0
401.200012,0.038500,0.038500,0.000000,0,0
401.399994,0.038500,0.038500,0.000000,0,0
401.600006,0.038500,0.038500,0.000000,0,0
401.799988,0.038500,0.038500,0.000000,0,0
402.000000,0.038500,0.038500,0.000000,0,0
402.200012,0.038500,0.038500,0.000000,0,0
402.399994,0.038500,0.038500,0.000000,0,0
402.600006,0.038500,0.038500,0.000000,0,0
402.799988,0.038500,0.038500,0.000000,0,0
403.000000,0.038500,0.038500,0.000000,0,0
403.200012,0.038500,0.038500,0.000000,0,0
403.399994,0.038500,0.038500,0.000000,0,0
403.600006,0.038500,0.038500,0.000000,0,0
403.799988,0.038500,0.038500,0.000000,0,0
404.000000,0.038500,0.038500,0.000000,0,0
404.200012,0.038500,0.038500,0.000000,0,0
404.399994,0.038500,0.038500,0.000000,0,0
404.600006,0.038500,0.038500,0.000000,0,0
404.799988,0.038500,0.038500,0.000000,0,0
405.000000,0.038500,0.038500,0.000000,0,0
405.200012,0.038500,0.038500,0.000000,0,0
405.399994,0.038500,0.038500,0.000000,0,0
405.600006,0.038500,0.038500,0.000000,0,0
405.799988,0.038500,0.038500,0.000000,0,0
406.000000,0.038500,0.038500,0.000000,0,0
406.200012,0.038500,0.038500,0.000000,0,0
406.399994,0.038500,0.038500,0.000000,0,0
406.600006,0.038500,0.038500,0.000000,0,0
406.799988,0.038500,0.038500,0.000000,0,0
407.000000,0.038500,0.038500,0.000000,0,0
407.200012,0.038500,0.038500,0.000000,0,0
407.399994,0.038500,0.038500,0.000000,0,0
407.600006,0.038500,0.038500,0.000000,0,0
407.799988,0.038500,0.038500,0.000000,0,0
408.000000,0.038500,0.038500,0.000000,0,0
408.200012,0.038500,0.038500,0.000000,0,0
408.399994,0.038500,0.038500,0.000000,0,0
408.600006,0.038500,0.038500,0.000000,0,0
408.799988,0.038500,0.038500,0.000000,0,0
409.000000,0.038500,0.038500,0.000000,0,0
409.200012,0.038500,0.038500,0.000000,0,0
409.399994,0.038500,0.038500,0.000000,0,0
409.600006,0.038500,0.038500,0.000000,0,0
409.799988,0.038500,0.038500,0.000000,0,0
410.000000,0.038500,0.038500,0.000000,0,0
410.200012,0.038500,0.038500,0.000000,0,0
410.399994,0.038500,0.038500,0.000000,0,0
410.600006,0.038500,0.038500,0.000000,0,0
410.799988,0.038500,0.038500,0.000000,0,0
411.000000,0.038500,0.038500,0.000000,0,0
411.200012,0.038500,0.038500,0.000000,0,0
411.399994,0.038500,0.038500,0.000000,0,0
411.600006,0.038500,0.038500,0.000000,0,0
411.799988,0.038500,0.038500,0.000000,0,0
412.000000,0.038500,0.038500,0.000000,0,0
412.200012,0.038500,0.038500,0.000000,0,0
412.399994,0.038500,0.038500,0.000000,0,0
412.600006,0.038500,0.038500,0.000000,0,0
412.799988,0.038500,0.038500,0.000000,0,0
413.000000,0.038500,0.038500,0.000000,0,0
413.200012,0.038500,0.038500,0.000000,0,0
413.399994,0.038500,0.038500,0.000000,0,0
413.600006,0.038500,0.038500,0.000000,0,0
413.799988,0.038500,0.038500,0.000000,0,0
414.000000,0.038500,0.038500,0.000000,0,0
414.200012,0.038500,0.038500,0.000000,0,0
414.399994,0.038500,0.038500,0.000000,0,0
414.600006,0.038500,0.038500,0.000000,0,0
414.799988,0.038500,0.038500,0.000000,0,0
415.000000,0.038500,0.038500,0.000000,0,0
415.200012,0.038500,0.038500,0.000000,0,0
415.399994,0.038500,0.038500,0.000000,0,0
415.600006,0.038500,0.038500,0.000000,0,0
415.799988,0.038500,0.038500,0.000000,0,0
416.000000,0.038500,0.038500,0.000000,0,0
416.200012,0.038500,0.038500,0.000000,0,0
416.399994,0.038500,0.038500,0.000000,0,0
416.600006,0.038500,0.038500,0.000000,0,0
416.799988,0.038500,0.038500,0.000000,0,0
417.000000,0.038500,0.038500,0.000000,0,0
417.200012,0.038500,0.038500,0.000000,0,0
417.399994,0.038500,0.038500,0.000000,0,0
417.600006,0.038500,0.038500,0.000000,0,0
417.799988,0.038500,0.038500,0.000000,0,0
418.000000,0.038500,0.038500,0.000000,0,0
418.200012,0.038500,0.038500,0.000000,0,0
418.399994,0.038500,0.038500,0.000000,0,0
418.600006,0.038500,0.038500,0.000000,0,0
418.799988,0.038500,0.038500,0.000000,0,0
419.000000,0.038500,0.038500,0.000000,0,0
419.200012,0.038500,0.038500,0.000000,0,0
419.399994,0.038500,0.038500,0.000000,0,0
419.600006,0.038500,0.038500,0.000000,0,0
419.799988,0.038500,0.038500,0.000000,0,0
420.000000,0.038500,0.038500,0.000000,0,0
420.200012,0.038500,0.038500,0.000000,0,0
420.399994,0.038500,0.038500,0.000000,0,0
420.600006,0.038500,0.038500,0.000000,0,0
420.799988,0.038500,0.038500,0.000000,0,0
421.000000,0.038500,0.038500,0.000000,0,0
421.200012,0.038500,0.038500,0.000000,0,0
421.399994,0.038500,0.038500,0.000000,0,0
421.600006,0.038500,0.038500,0.000000,0,0
421.799988,0.038500,0.038500,0.000000,0,0
422.000000,0.038500,0.038500,0.000000,0,0
422.200012,0.038500,0.038500,0.000000,0,0
422.399994,0.038500,0.038500,0.000000,0,0
422.600006,0.038500,0.038500,0.000000,0,0
422.799988,0.038500,0.038500,0.000000,0,0
423.000000,0.038500,0.038500,0.000000,0,0
423.200012,0.038500,0.038500,0.000000,0,0
423.399994,0.038500,0.038500,0.000000,0,0
423.600006,0.038500,0.038500,0.000000,0,0
423.799988,0.038500,0.038500,0.000000,0,0
424.000000,0.038500,0.038500,0.000000,0,0
424.200012,0.038500,0.038500,0.000000,0,0
424.399994,0.038500,0.038500,0.000000,0,0
424.600006,0.038500,0.038500,0.000000,0,0
424.799988,0.038500,0.038500,0.000000,0,0
425.000000,0.038500,0.038500,0.000000,0,0
425.200012,0.038500,0.038500,0.000000,0,0
425.399994,0.038500,0.038500,0.000000,0,0
425.600006,0.038500,0.038500,0.000000,0,0
425.799988,0.038500,0.038500,0.000000,0,0
426.000000,0.038500,0.038500,0.000000,0,0
426.200012,0.038500,0.038500,0.000000,0,0
426.399994,0.038500,0.038500,0.000000,0,0
426.600006,0.038500,0.038500,0.000000,0,0
426.799988,0.038500,0.038500,0.000000,0,0
427.000000,0.038500,0.038500,0.000000,0,0
427.200012,0.038500,0.038500,0.000000,0,0
427.399994,0.038500,0.038500,0.000000,0,0
427.600006,0.038500,0.038500,0.000000,0,0
427.799988,0.038500,0.038500,0.000000,0,0
428.000000,0.038500,0.038500,0.000000,0,0
428.200012,0.038500,0.038500,0.000000,0,0
428.399994,0.038500,0.038500,0.000000,0,0
428.600006,0.038500,0.038500,0.000000,0,0
428.799988,0.038500,0.038500,0.000000,0,0
429.000000,0.038500,0.038500,0.000000,0,0
429.200012,0.038500,0.038500,0.000000,0,0
429.399994,0.038500,0.038500,0.000000,0,0
429.600006,0.038500,0.038500,0.000000,0,0
429.799988,0.038500,0.038500,0.000000,0,0
430.000000,0.038500,0.038500,0.000000,0,0
430.200012,0.038500,0.038500,0.000000,0,0
430.399994,0.038500,0.038500,0.000000,0,0
430.600006,0.038500,0.038500,0.000000,0,0
430.799988,0.038500,0.038500,0.000000,0,0
431.000000,0.038500,0.038500,0.000000,0,0
431.200012,0.038500,0.038500,0.000000,0,0
431.399994,0.038500,0.038500,0.000000,0,0
431.600006,0.038500,0.038500,0.000000,0,0
431.799988,0.038500,0.038500,0.000000,0,0
432.000000,0.038500,0.038500,0.000000,0,0
432.200012,0.038500,0.038500,0.000000,0,0
432.399994,0.038500,0.038500,0.000000,0,0
432.600006,0.038500,0.038500,0.000000,0,0
432.799988,0.038500,0.038500,0.000000,0,0
433.000000,0.038500,0.038500,0.000000,0,0
433.200012,0.038500,0.038500,0.000000,0,0
433.399994,0.038500,0.038500,0.000000,0,0
433.600006,0.038500,0.038500,0.000000,0,0
433.799988,0.038500,0.038500,0.000000,0,0
434.000000,0.038500,0.038500,0.000000,0,0
434.200012,0.038500,0.038500,0.000000,0,0
434.399994,0.038500,0.038500,0.000000,0,0
434.600006,0.038500,0.038500,0.000000,0,0
434.799988,0.038500,0.038500,0.000000,0,0
435.000000,0.038500,0.038500,0.000000,0,0
435.200012,0.038500,0.038500,0.000000,0,0
435.399994,0.038500,0.038500,0.000000,0,0
435.600006,0.038500,0.038500,0.000000,0,0
435.799988,0.038500,0.038500,0.000000,0,0
436.000000,0.038500,0.038500,0.000000,0,0
436.200012,0.038500,0.038500,0.000000,0,0
436.399994,0.038500,0.038500,0.000000,0,0
436.600006,0.038500,0.038500,0.000000,0,0
436.799988,0.038500,0.038500,0.000000,0,0
437.000000,0.038500,0.038500,0.000000,0,0
437.200012,0.038500,0.038500,0.000000,0,0
437.399994,0.038500,0.038500,0.000000,0,0
437.600006,0.038500,0.038500,0.000000,0,0
437.799988,0.038500,0.038500,0.000000,0,0
438.000000,0.038500,0.038500,0.000000,0,0
438.200012,0.038500,0.038500,0.000000,0,0
438.399994,0.038500,0.038500,0.000000,0,0
438.600006,0.038500,0.038500,0.000000,0,0
438.799988,0.038500,0.038500,0.000000,0,0
439.000000,0.038500,0.038500,0.000000,0,0
439.200012,0.038500,0.038500,0.000000,0,0
439.399994,0.038500,0.038500,0.000000,0,0
439.600006,0.038500,0.038500,0.000000,0,0
439.799988,0.038500,0.038500,0.000000,0,0
440.000000,0.038500,0.038500,0.000000,0,0
440.200012,0.038500,0.038500,0.000000,0,0
440.399994,0.038500,0.038500,0.000000,0,0
440.600006,0.038500,0.038500,0.000000,0,0
440.799988,0.038500,0.038500,0.000000,0,0
441.000000,0.038500,0.038500,0.000000,0,0
441.200012,0.038500,0.038500,0.000000,0,0
441.399994,0.038500,0.038500,0.000000,0,0
441.600006,0.038500,0.038500,0.000000,0,0
441.799988,0.038500,0.038500,0.000000,0,0
442.000000,0.038500,0.038500,0.000000,0,0
442.200012,0.038500,0.038500,0.000000,0,0
442.399994,0.038500,0.038500,0.000000,0,0
442.600006,0.038500,0.038500,0.000000,0,0
442.799988,0.038500,0.038500,0.000000,0,0
443.000000,0.038500,0.038500,0.000000,0,0
443.200012,0.038500,0.038500,0.000000,0,0
443.399994,0.038500,0.038500,0.000000,0,0
443.600006,0.038500,0.038500,0.000000,0,0
443.799988,0.038500,0.038500,0.000000,0,0
444.000000,0.038500,0.038500,0.000000,0,0
444.200012,0.038500,0.038500,0.000000,0,0
444.399994,0.038500,0.038500,0.000000,0,0
444.600006,0.038500,0.038500,0.000000,0,0
444.799988,0.038500,0.038500,0.000000,0,0
445.000000,0.038500,0.038500,0.000000,0,0
445.200012,0.038500,0.038500,0.000000,0,0
445.399994,0.038500,0.038500,0.000000,0,0
445.600006,0.038500,0.038500,0.000000,0,0
445.799988,0.038500,0.038500,0.000000,0,0
446.000000,0.038500,0.038500,0.000000,0,0
446.200012,0.038500,0.038500,0.000000,0,0
446.399994,0.038500,0.038500,0.000000,0,0
446.600006,0.038500,0.038500,0.000000,0,0
446.799988,0.038500,0.038500,0.000000,0,0
447.000000,0.038500,0.038500,0.000000,0,0
447.200012,0.038500,0.038500,0.000000,0,0
447.399994,0.038500,0.038500,0.000000,0,0
447.600006,0.038500,0.038500,0.000000,0,0
447.799988,0.038500,0.038500,0.000000,0,0
448.000000,0.038500,0.038500,0.000000,0,0
448.200012,0.038500,0.038500,0.000000,0,0
448.399994,0.038500,0.038500,0.000000,0,0
448.600006,0.038500,0.038500,0.000000,0,0
448.799988,0.038500,0.038500,0.000000,0,0
449.000000,0.038500,0.038500,0.000000,0,0
449.200012,0.038500,0.038500,0.000000,0,0
449.399994,0.038500,0.038500,0.000000,0,0
449.600006,0.038500,0.038500,0.000000,0,0
449.799988,0.038500,0.038500,0.000000,0,0
450.000000,0.038500,0.038500,0.000000,0,0
450.200012,0.038500,0.038500,0.000000,0,0
450.399994,0.038500,0.038500,0.000000,0,0
450.600006,0.038500,0.038500,0.000000,0,0
450.799988,0.038500,0.038500,0.000000,0,0
451.000000,0.038500,0.038500,0.000000,0,0
451.200012,0.038500,0.038500,0.000000,0,0
451.399994,0.038500,0.038500,0.000000,0,0
451.600006,0.038500,0.038500,0.000000,0,0
451.799988,0.038500,0.038500,0.000000,0,0
452.000000,0.038500,0.038500,0.000000,0,0
452.200012,0.038500,0.038500,0.000000,0,0
452.399994,0.038500,0.038500,0.000000,0,0
452.600006,0.038500,0.038500,0.000000,0,0
452.799988,0.038500,0.038500,0.000000,0,0
453.000000,0.038500,0.038500,0.000000,0,0
453.200012,0.038500,0.038500,0.000000,0,0
453.399994,0.038500,0.038500,0.000000,0,0
453.600006,0.038500,0.038500,0.000000,0,0
453.799988,0.038500,0.038500,0.000000,0,0
454.000000,0.038500,0.038500,0.000000,0,0
454.200012,0.038500,0.038500,0.000000,0,0
454.399994,0.038500,0.038500,0.000000,0,0
454.600006,0.038500,0.038500,0.000000,0,0
454.799988,0.038500,0.038500,0.000000,0,0
455.000000,0.038500,0.038500,0.000000,0,0
455.200012,0.038500,0.038500,0.000000,0,0
455.399994,0.038500,0.038500,0.000000,0,0
455.600006,0.038500,0.038500,0.000000,0,0
455.799988,0.038500,0.038500,0.000000,0,0
456.000000,0.038500,0.038500,0.000000,0,0
456.200012,0.038500,0.038500,0.000000,0,0
456.399994,0.038500,0.038500,0.000000,0,0
456.600006,0.038500,0.038500,0.000000,0,0
456.799988,0.038500,0.038500,0.000000,0,0
457.000000,0.038500,0.038500,0.000000,0,0
457.200012,0.038500,0.038500,0.000000,0,0
457.399994,0.038500,0.038500,0.000000,0,0
457.600006,0.038500,0.038500,0.000000,0,0
457.799988,0.038500,0.038500,0.000000,0,0
458.000000,0.038500,0.038500,0.000000,0,0
458.200012,0.038500,0.038500,0.000000,0,0
458.399994,0.038500,0.038500,0.000000,0,0
458.600006,0.038500,0.038500,0.000000,0,0
458.799988,0.038500,0.038500,0.000000,0,0
459.000000,0.038500,0.038500,0.000000,0,0
459.200012,0.038500,0.038500,0.000000,0,0
459.399994,0.038500,0.038500,0.000000,0,0
459.600006,0.038500,0.038500,0.000000,0,0
459.799988,0.038500,0.038500,0.000000,0,0
460.000000,0.038500,0.038500,0.000000,0,0
460.200012,0.038500,0.038500,0.000000,0,0
460.399994,0.038500,0.038500,0.000000,0,0
460.600006,0.038500,0.038500,0.000000,0,0
460.799988,0.038500,0.038500,0.000000,0,0
461.000000,0.038500,0.038500,0.000000,0,0
461.200012,0.038500,0.038500,0.000000,0,0
461.399994,0.038500,0.038500,0.000000,0,0
461.600006,0.038500,0.038500,0.000000,0,0
461.799988,0.038500,0.038500,0.000000,0,0
462.000000,0.038500,0.038500,0.000000,0,0
462.200012,0.038500,0.038500,0.000000,0,0
462.399994,0.038500,0.038500,0.000000,0,0
462.600006,0.038500,0.038500,0.000000,0,0
462.799988,0.038500,0.038500,0.000000,0,0
463.000000,0.038500,0.038500,0.000000,0,0
463.200012,0.038500,0.038500,0.000000,0,0
463.399994,0.038500,0.038500,0.000000,0,0
463.600006,0.038500,0.038500,0.000000,0,0
463.799988,0.038500,0.038500,0.000000,0,0
464.000000,0.038500,0.038500,0.000000,0,0
464.200012,0.038500,0.038500,0.000000,0,0
464.399994,0.038500,0.038500,0.000000,0,0
464.600006,0.038500,0.038500,0.000000,0,0
464.799988,0.038500,0.038500,0.000000,0,0
465.000000,0.038500,0.038500,0.000000,0,0
465.200012,0.038500,0.038500,0.000000,0,0
465.399994,0.038500,0.038500,0.000000,0,0
465.600006,0.038500,0.038500,0.000000,0,0
465.799988,0.038500,0.038500,0.000000,0,0
466.000000,0.038500,0.038500,0.000000,0,0
466.200012,0.038500,0.038500,0.000000,0,0
466.399994,0.038500,0.038500,0.000000,0,0
466.600006,0.038500,0.038500,0.000000,0,0
466.799988,0.038500,0.038500,0.000000,0,0
467.000000,0.038500,0.038500,0.000000,0,0
467.200012,0.038500,0.038500,0.000000,0,0
467.399994,0.038500,0.038500,0.000000,0,0
467.600006,0.038500,0.038500,0.000000,0,0
467.799988,0.038500,0.038500,0.000000,0,0
468.000000,0.038500,0.038500,0.000000,0,0
468.200012,0.038500,0.038500,0.000000,0,0
468.399994,0.038500,0.038500,0.000000,0,0
468.600006,0.038500,0.038500,0.000000,0,0
468.799988,0.038500,0.038500,0.000000,0,0
469.000000,0.038500,0.038500,0.000000,0,0
469.200012,0.038500,0.038500,0.000000,0,0
469.399994,0.038500,0.038500,0.000000,0,0
469.600006,0.038500,0.038500,0.000000,0,0
469.799988,0.038500,0.038500,0.000000,0,0
470.000000,0.038500,0.038500,0.000000,0,0
470.200012,0.038500,0.038500,0.000000,0,0
470.399994,0.038500,0.038500,0.000000,0,0
470.600006,0.038500,0.038500,0.000000,0,0
470.799988,0.038500,0.038500,0.000000,0,0
471.000000,0.038500,0.038500,0.000000,0,0
471.200012,0.038500,0.038500,0.000000,0,0
471.399994,0.038500,0.038500,0.000000,0,0
471.600006,0.038500,0.038500,0.000000,0,0
471.799988,0.038500,0.038500,0.000000,0,0
472.000000,0.038500,0.038500,0.000000,0,0
472.200012,0.038500,0.038500,0.000000,0,0
472.399994,0.038500,0.038500,0.000000,0,0
472.600006,0.038500,0.038500,0.000000,0,0
472.799988,0.038500,0.038500,0.000000,0,0
473.000000,0.038500,0.038500,0.000000,0,0
473.200012,0.038500,0.038500,0.000000,0,0
473.399994,0.038500,0.038500,0.000000,0,0
473.600006,0.038500,0.038500,0.000000,0,0
473.799988,0.038500,0.038500,0.000000,0,0
474.000000,0.038500,0.038500,0.000000,0,0
474.200012,0.038500,0.038500,0.000000,0,0
474.399994,0.038500,0.038500,0.000000,0,0
474.600006,0.038500,0.038500,0.000000,0,0
474.799988,0.038500,0.038500,0.000000,0,0
475.000000,0.038500,0.038500,0.000000,0,0
475.200012,0.038500,0.038500,0.000000,0,0
475.399994,0.038500,0.038500,0.000000,0,0
475.600006,0.038500,0.038500,0.000000,0,0
475.799988,0.038500,0.038500,0.000000,0,0
476.000000,0.038500,0.038500,0.000000,0,0
476.200012,0.038500,0.038500,0.000000,0,0
476.399994,0.038500,0.038500,0.000000,0,0
476.600006,0.038500,0.038500,0.000000,0,0
476.799988,0.038500,0.038500,0.000000,0,0
477.000000,0.038500,0.038500,0.000000,0,0
477.200012,0.038500,0.038500,0.000000,0,0
477.399994,0.038500,0.038500,0.000000,0,0
477.600006,0.038500,0.038500,0.000000,0,0
477.799988,0.038500,0.038500,0.000000,0,0
478.000000,0.038500,0.038500,0.000000,0,0
478.200012,0.038500,0.038500,0.000000,0,0
478.399994,0.038500,0.038500,0.000000,0,0
478.600006,0.038500,0.038500,0.000000,0,0
478.799988,0.038500,0.038500,0.000000,0,0
479.000000,0.038500,0.038500,0.000000,0,0
479.200012,0.038500,0.038500,0.000000,0,0
479.399994,0.038500,0.038500,0.000000,0,0
479.600006,0.038500,0.038500,0.000000,0,0
479.799988,0.038500,0.038500,0.000000,0,0
480.000000,0.038500,0.038500,0.000000,0,0
480.200012,0.038500,0.038500,0.000000,0,0
480.399994,0.038500,0.038500,0.000000,0,0
480.600006,0.038500,0.038500,0.000000,0,0
480.799988,0.038500,0.038500,0.000000,0,0
481.000000,0.038500,0.038500,0.000000,0,0
481.200012,0.038500,0.038500,0.000000,0,0
481.399994,0.038500,0.038500,0.000000,0,0
481.600006,0.038500,0.038500,0.000000,0,0
481.799988,0.038500,0.038500,0.000000,0,0
482.000000,0.038500,0.038500,0.000000,0,0
482.200012,0.038500,0.038500,0.000000,0,0
482.399994,0.038500,0.038500,0.000000,0,0
482.600006,0.038500,0.038500,0.000000,0,0
482.799988,0.038500,0.038500,0.000000,0,0
483.000000,0.038500,0.038500,0.000000,0,0
483.200012,0.038500,0.038500,0.000000,0,0
483.399994,0.038500,0.038500,0.000000,0,0
483.600006,0.038500,0.038500,0.000000,0,0
483.799988,0.038500,0.038500,0.000000,0,0
484.000000,0.038500,0.038500,0.000000,0,0
484.200012,0.038500,0.038500,0.000000,0,0
484.399994,0.038500,0.038500,0.000000,0,0
484.600006,0.038500,0.038500,0.000000,0,0
484.799988,0.038500,0.038500,0.000000,0,0
485.000000,0.038500,0.038500,0.000000,0,0
485.200012,0.038500,0.038500,0.000000,0,0
485.399994,0.038500,0.038500,0.000000,0,0
485.600006,0.038500,0.038500,0.000000,0,0
485.799988,0.038500,0.038500,0.000000,0,0
486.000000,0.038500,0.038500,0.000000,0,0
486.200012,0.038500,0.038500,0.000000,0,0
486.399994,0.038500,0.038500,0.000000,0,0
486.600006,0.038500,0.038500,0.000000,0,0
486.799988,0.038500,0.038500,0.000000,0,0
487.000000,0.038500,0.038500,0.000000,0,0
487.200012,0.038500,0.038500,0.000000,0,0
487.399994,0.038500,0.038500,0.000000,0,0
487.600006,0.038500,0.038500,0.000000,0,0
487.799988,0.038500,0.038500,0.000000,0,0
488.000000,0.038500,0.038500,0.000000,0,0
488.200012,0.038500,0.038500,0.000000,0,0
488.399994,0.038500,0.038500,0.000000,0,0
488.600006,0.038500,0.038500,0.000000,0,0
488.799988,0.038500,0.038500,0.000000,0,0
489.000000,0.038500,0.038500,0.000000,0,0
489.200012,0.038500,0.038500,0.000000,0,0
489.399994,0.038500,0.038500,0.000000,0,0
489.600006,0.038500,0.038500,0.000000,0,0
489.799988,0.038500,0.038500,0.000000,0,0
490.000000,0.038500,0.038500,0.000000,0,0
490.200012,0.038500,0.038500,0.000000,0,0
490.399994,0.038500,0.038500,0.000000,0,0
490.600006,0.038500,0.038500,0.000000,0,0
490.799988,0.038500,0.038500,0.000000,0,0
491.000000,0.038500,0.038500,0.000000,0,0
491.200012,0.038500,0.038500,0.000000,0,0
491.399994,0.038500,0.038500,0.000000,0,0
491.600006,0.038500,0.038500,0.000000,0,0
491.799988,0.038500,0.038500,0.000000,0,0
492.000000,0.038500,0.038500,0.000000,0,0
492.200012,0.038500,0.038500,0.000000,0,0
492.399994,0.038500,0.038500,0.000000,0,0
492.600006,0.038500,0.038500,0.000000,0,0
492.799988,0.038500,0.038500,0.000000,0,0
493.000000,0.038500,0.038500,0.000000,0,0
493.200012,0.038500,0.038500,0.000000,0,0
493.399994,0.038500,0.038500,0.000000,0,0
493.600006,0.038500,0.038500,0.000000,0,0
493.799988,0.038500,0.038500,0.000000,0,0
494.000000,0.038500,0.038500,0.000000,0,0
494.200012,0.038500,0.038500,0.000000,0,0
494.399994,0.038500,0.038500,0.000000,0,0
494.600006,0.038500,0.038500,0.000000,0,0
494.799988,0.038500,0.038500,0.000000,0,0
495.000000,0.038500,0.038500,0.000000,0,0
495.200012,0.038500,0.038500,0.000000,0,0
495.399994,0.038500,0.038500,0.000000,0,0
495.600006,0.038500,0.038500,0.000000,0,0
495.799988,0.038500,0.038500,0.000000,0,0
496.000000,0.038500,0.038500,0.000000,0,0
496.200012,0.038500,0.038500,0.000000,0,0
496.399994,0.038500,0.038500,0.000000,0,0
496.600006,0.038500,0.038500,0.000000,0,0
496.799988,0.038500,0.038500,0.000000,0,0
497.000000,0.038500,0.038500,0.000000,0,0
497.200012,0.038500,0.038500,0.000000,0,0
497.399994,0.038500,0.038500,0.000000,0,0
497.600006,0.038500,0.038500,0.000000,0,0
497.799988,0.038500,0.038500,0.000000,0,0
498.000000,0.038500,0.038500,0.000000,0,0
498.200012,0.038500,0.038500,0.000000,0,0
498.399994,0.038500,0.038500,0.000000,0,0
498.600006,0.038500,0.038500,0.000000,0,0
498.799988,0.038500,0.038500,0.000000,0,0
499.000000,0.038500,0.038500,0.000000,0,0
499.200012,0.038500,0.038500,0.000000,0,0
499.399994,0.038500,0.038500,0.000000,0,0
499.600006,0.038500,0.038500,0.000000,0,0
499.799988,0.038500,0.038500,0.000000,0,0
500.000000,0.038500,0.038500,0.000000,0,0
